{"type":"FeatureCollection","crs":{"type":"name","properties":{"name":"urn:ogc:def:crs:OGC:1.3:CRS84"}},"features":[{"type":"Feature","properties":{},"geometry":{"type":"MultiPolygon","coordinates":[[[[77.51873419405028,35.48565732389375],[77.634425,35.464435],[77.638419,35.483603],[77.66138444200004,35.48314315700003],[77.688883,35.453917],[77.809469,35.521135],[77.903042,35.465332],[77.929485,35.50765400100005],[77.93785,35.55931700100007],[77.977623,35.57218500100004],[78.02096000100005,35.564497],[78.037058,35.585381],[78.066104,35.57206800100005],[78.090516,35.533402],[78.103074,35.55609],[78.15719,35.550947001000054],[78.172933,35.616715],[78.195457,35.638937001000045],[78.181701,35.66735600100003],[78.212539,35.676275],[78.243632,35.725290001000076],[78.388499,35.72737],[78.41193,35.73492900100007],[78.436571,35.777407],[78.535586,35.76349900100007],[78.607587,35.81517700100005],[78.658507,35.824933],[78.676115,35.85301100100003],[78.793207,35.869385],[78.855859,35.974243],[79.03414,35.916648],[79.07305,35.946545],[79.269576,35.92742],[79.338383,35.963472],[79.343439,35.987873],[79.441727,35.96832100100005],[79.439623,35.934198],[79.466617,35.897331],[79.45225,35.882786001000056],[79.484832,35.852118],[79.520498,35.852571],[79.566413,35.898219],[79.58421100100009,35.883214001000056],[79.571909,35.81266000100004],[79.634935,35.777455],[79.63674800100006,35.736614],[79.662963,35.718931],[79.709539,35.637542],[79.822371,35.622513],[79.845733,35.574556],[79.952454,35.633361001000026],[79.959716,35.614021],[80.000292,35.598943001000066],[79.965321,35.574708],[79.96632,35.55356500100004],[80.054915,35.423414],[80.08799,35.43245600100005],[80.080996,35.450408],[80.107858,35.476714],[80.177402,35.50880200100005],[80.165965,35.546608],[80.19938,35.571437],[80.22717900100008,35.555074],[80.263783,35.568338],[80.293628,35.556987],[80.310336,35.530075],[80.358424,35.52905100100003],[80.411595,35.477111],[80.411926,35.426031],[80.376918,35.392344001000026],[80.346754,35.391023],[80.284224,35.348749],[80.272398,35.289308],[80.291196,35.27312800100003],[80.27454,35.216735],[80.285247,35.211262],[80.222667,35.171287],[80.233137,35.14796800100004],[80.199824,35.12227],[80.219563,34.991512],[80.233575,34.989589],[80.188801,34.949455],[80.205051,34.891236],[80.13685,34.86893800100006],[80.100325,34.777583],[80.069768,34.765112001000034],[80.07605,34.708281001000046],[79.975058,34.69927300100005],[79.951539,34.67374700100004],[79.901131,34.696262],[79.789631,34.628143],[79.801813,34.58926400100006],[79.78825,34.564019],[79.81074,34.540264],[79.794322,34.480063],[79.759582,34.47030700100004],[79.703308,34.48625],[79.673565,34.454603001000066],[79.618837,34.451748],[79.604798,34.46531100100003],[79.563133,34.457944001000044],[79.538163,34.478881],[79.512495,34.456315],[79.529631,34.44372],[79.574721,34.319036],[79.605135,34.298215],[79.607946,34.245490001000064],[79.541528,34.20291800100006],[79.498538,34.19404200100007],[79.48561100100005,34.125586],[79.427552,34.113451],[79.417558,34.092274],[79.430407,34.061341],[79.403281,34.00233],[79.367441,33.994666],[79.193889,34.024935],[79.147251,33.998999],[79.091572,33.991146],[78.988541,34.034691],[78.911685,34.009706],[78.887176,33.97258700100008],[78.94,33.90501000100005],[78.965223,33.82125300100006],[79.02827800100005,33.75367600100003],[79.007572,33.69330200100006],[79.090382,33.637189],[79.087046,33.62239400100003],[79.003527,33.607403],[78.907397,33.62049],[78.885744,33.57623200100005],[78.913517,33.554639],[78.937375,33.385545001000025],[78.961552,33.341149],[79.026513,33.31699800100006],[79.038309,33.2696],[79.073938,33.24895600100007],[79.068757,33.229348],[79.148649,33.18378300100005],[79.184346,33.22007300100006],[79.204401,33.20984000100003],[79.218518,33.23738],[79.273674,33.21984100100008],[79.302497,33.19067000100006],[79.341691,33.20286],[79.402689,33.194045],[79.412372,33.174784],[79.394844,33.162908],[79.399961,33.143548001000056],[79.329329,33.032694],[79.337804,32.992897],[79.364081,32.938164],[79.394779,32.942965],[79.397401,32.913151],[79.471841,32.87758900100005],[79.462556,32.838458],[79.488221,32.79484200100006],[79.551435,32.76387600100003],[79.54651,32.67941100100006],[79.452456,32.603784001000065],[79.413127,32.521484],[79.353625,32.527285],[79.33348,32.558858],[79.312577,32.55938300100007],[79.298421,32.542897],[79.272099,32.547757001000036],[79.248819,32.518029],[79.189852,32.515692],[79.183966,32.497826],[79.129519,32.477994],[79.125898,32.420723001000056],[79.103874,32.401057],[79.098924,32.36999700100006],[79.05916,32.387172],[79.01619,32.381782],[78.973137,32.338763],[78.870522,32.411647],[78.839196,32.412444],[78.779367,32.47901600100005],[78.759602,32.562763],[78.780098,32.611828],[78.741718,32.658541],[78.740173,32.69509000100004],[78.718415,32.672444],[78.636908,32.64505000100007],[78.634197,32.605805],[78.523765,32.614154],[78.504604,32.588034],[78.416068,32.567467],[78.394688,32.533041],[78.472197,32.44188100100007],[78.47051200100003,32.399379],[78.454759,32.38519100100007],[78.485231,32.358946],[78.477699,32.33039300100006],[78.507652,32.30557],[78.491781,32.28007400100006],[78.55920500100007,32.203893],[78.597814,32.194818001000044],[78.59675,32.158104],[78.68650038800007,32.106996554000034],[78.682642,32.0801],[78.737154,32.00266600100008],[78.778062,31.994797],[78.74134312000007,31.848951716000045],[78.70481470200008,31.800151420000077],[78.75087,31.680827],[78.800836,31.677756],[78.80248800100003,31.647109],[78.846641,31.609164001000067],[78.777092,31.548002],[78.736538,31.53651],[78.720983,31.509892],[78.73482,31.483307],[78.75556,31.482746],[78.792151,31.446022],[78.750606,31.369174001000033],[78.78079,31.31016],[78.838914,31.29397700100003],[78.858151,31.313871001000052],[78.89264,31.287453],[78.949079,31.365788],[78.997922,31.343067],[79.017968,31.348813001000053],[79.024209,31.426388],[79.05446,31.42949200100003],[79.07051,31.452972001000035],[79.130884,31.437834],[79.174377,31.38985000100007],[79.176259,31.360392],[79.232863,31.335921],[79.221899,31.318484],[79.248913,31.287441001000047],[79.229033,31.266173],[79.30162,31.21429100100005],[79.311,31.151413],[79.353073,31.122351],[79.411937,31.108976],[79.427108,31.023282],[79.500457,31.032162],[79.552143,30.958878001000073],[79.60589700100007,30.940794],[79.670637,30.982495001000075],[79.734932,30.97951500100004],[79.757052,31.000996],[79.821361,30.971548],[79.872829,30.968052],[79.888557,30.919312001000037],[79.928175,30.88428],[79.988707,30.876923],[80.109656,30.780947001000072],[80.172791,30.809018],[80.21254,30.752681],[80.2337,30.76158600100007],[80.24728500100008,30.724413001000073],[80.229492,30.690065],[80.199503,30.68642200100004],[80.19293851500004,30.666710047000038],[80.219149,30.635191001000067],[80.211384,30.58450900100007],[80.312072,30.564830001000075],[80.342745,30.522154],[80.414978,30.523818001000052],[80.544275,30.44862000100005],[80.604548,30.47116200100004],[80.734819,30.399049001000037],[80.808136,30.323488],[80.904449,30.303158001000043],[80.931942,30.26512],[81.006889,30.261915001000034],[81.04475648600004,30.207209207000062],[80.94177014200005,30.179032878000044],[80.92446913600008,30.189606926000067],[80.92478472600004,30.21826721000008],[80.90890373200006,30.222001410000075],[80.86332254000007,30.170326],[80.87826493500006,30.133303144000024],[80.76357774300004,30.050852806000023],[80.74502215600006,30.004479724000078],[80.66948439200007,29.957508528000062],[80.60134375200005,29.957398928000032],[80.57188324500004,29.917165905000047],[80.55275864800007,29.85070545900004],[80.48280352200004,29.79651662300006],[80.41308154900008,29.79196257700005],[80.36482971900006,29.741575221000062],[80.38418699200008,29.67511103000004],[80.41622275800006,29.651927026000067],[80.40794146800005,29.595506146000048],[80.34248979500006,29.552750898000056],[80.35756944200006,29.531002098000044],[80.29778947500006,29.490031981000072],[80.29033958800005,29.47019983900003],[80.30282087100005,29.454073023000035],[80.25924492700005,29.451830234000056],[80.24497022800006,29.42630722000007],[80.24820207000005,29.406365890000075],[80.27520517600004,29.392357149000077],[80.28164570200005,29.344334141000047],[80.31585087700006,29.309035169000026],[80.29605243900005,29.203244075000043],[80.24904336700007,29.22149388400004],[80.24070781400007,29.20294830200004],[80.27161651500006,29.142237426000065],[80.22783065000004,29.11942884800004],[80.17952607700005,29.131796176000023],[80.14648765600003,29.105454355000063],[80.12846459200006,29.06121937300003],[80.12478428100007,29.012962736000077],[80.13626688700003,29.00963112100004],[80.11810093600008,28.981915941000068],[80.10022538400005,28.986647857000037],[80.05846989600008,28.916583330000037],[80.07521678000006,28.824454545000037],[80.11809615700008,28.82895486900003],[80.21609269600003,28.75554704800004],[80.25791359300007,28.75296399800004],[80.26072865100008,28.725684607000062],[80.31813318100006,28.698209403000078],[80.32577174300008,28.66644565400003],[80.35678073600008,28.640903749000074],[80.45355211200007,28.627127778000045],[80.51665123000004,28.552272578000043],[80.53072733800008,28.572420304000048],[80.50353420200008,28.66493322200006],[80.53971816700005,28.690659913000047],[80.56854935200005,28.68804499600003],[80.59037711500008,28.679953072000046],[80.58984278400004,28.648151360000043],[80.66758939900006,28.642097728000067],[80.67750273300004,28.604433291000078],[80.69582932100008,28.603454291000048],[80.69044160000004,28.587701698000046],[80.71457874100008,28.568379152000034],[80.76794269900006,28.566148488000067],[80.78445880500004,28.52939446700003],[80.86601700500006,28.489574429000072],[80.86161295500006,28.504387515000076],[80.87552259100005,28.510699285000044],[80.90011460500006,28.50105733500004],[80.91564624100005,28.45797471700007],[80.91420852200008,28.468354356000077],[80.93069615300004,28.45803022700005],[80.94263021300003,28.46878509000004],[80.93210403400008,28.458832019000056],[80.95172822300003,28.447556001000066],[80.98017118700005,28.45512270900008],[80.96459692900004,28.44469166500005],[80.97880693400003,28.43404460100004],[81.01768152100004,28.45180891900003],[81.01289367700008,28.438165862000062],[81.03371612200004,28.42802409500007],[81.01663709900004,28.415863124000055],[81.03354709200005,28.397493525000073],[81.03566522700004,28.413785620000056],[81.07977817400007,28.385027415000025],[81.21059096100004,28.360782764000078],[81.23820027500005,28.282250231000035],[81.32087341600004,28.197488156000077],[81.32325298700005,28.17258521800005],[81.30395737600008,28.168235010000046],[81.32804589700004,28.148095314000045],[81.31794719400006,28.133663459000047],[81.36618512900003,28.14171059100005],[81.38137491700007,28.175458056000025],[81.44481962500004,28.161892128000034],[81.44994412000005,28.14080152100007],[81.48403457000006,28.118569638000054],[81.48784718700006,28.07696515300006],[81.64046816300004,27.995914508000055],[81.69318093100009,27.989603113000044],[81.88918135300008,27.856526904000077],[81.92583662800007,27.859605153000075],[81.96813561900007,27.929154941000036],[82.04453668000008,27.92467233700006],[82.12111377500008,27.86585596200007],[82.20899129300005,27.842924535000066],[82.44871346200006,27.679329058000064],[82.69915908200005,27.72236535600007],[82.71237770600004,27.663085987000045],[82.73567465600007,27.646267297000065],[82.73357702600003,27.61697828700005],[82.75795345100005,27.58614852200003],[82.74079106900007,27.549118582000062],[82.74569875300006,27.50193066500003],[82.92930520500005,27.501211478000073],[82.95411204300007,27.46775011400007],[83.03457303800008,27.448792368000056],[83.18789854500005,27.45438975600007],[83.27219630000008,27.383426257000053],[83.27243990400007,27.35268492700004],[83.31248657600008,27.331937706000076],[83.35869740400005,27.342908610000052],[83.40184691400003,27.40054413000007],[83.38343121700007,27.442176593000056],[83.39999892200007,27.453703485000062],[83.38813376800005,27.479801416000043],[83.61426213700008,27.469482328000026],[83.86373317700009,27.345854425000027],[83.88431336600007,27.372196735000045],[83.83305547500004,27.426024323000036],[83.84486900300004,27.443399664000026],[83.88459142500005,27.433144628000036],[83.99504605900006,27.446355381000046],[84.02223140700005,27.433159214000057],[84.04997702700007,27.442983579000042],[84.10502812700008,27.52093594300004],[84.14150207900008,27.517960406000043],[84.15222393300007,27.48568864200007],[84.20758180600006,27.467464591000066],[84.21518361700004,27.441781998000067],[84.25133976500007,27.454385380000076],[84.28967492500004,27.387049700000034],[84.61886996600003,27.337936933000037],[84.68901201300008,27.22064725300004],[84.67459931400003,27.099709623000024],[84.64607018700008,27.051293704000045],[84.75669544800007,27.002909271000078],[84.78250648400007,27.014297570000053],[84.79192584100008,26.996801376000064],[84.82168644000006,27.021545074000073],[84.85435135000006,27.008279814000048],[84.86432039600004,26.984571120000055],[84.96032648100004,26.960895195000035],[84.97814039500008,26.94072753100005],[84.97164855700004,26.921724579000056],[85.00107466100008,26.89727421500004],[85.05270291100004,26.88924383600005],[85.02285922900006,26.855504933000077],[85.18970040400006,26.87016391700007],[85.17844625200007,26.816710010000065],[85.20458915100005,26.762801292000063],[85.33397401900004,26.741596908000076],[85.41349536300004,26.790959030000067],[85.45128583700006,26.78170353300004],[85.49512603300008,26.797250117000033],[85.57542801600005,26.861013979000063],[85.59284845200006,26.850977404000048],[85.62380652800005,26.87381508200008],[85.72888434500004,26.808067399000038],[85.73216877600004,26.65529347000006],[85.81750094200004,26.60284714900007],[85.84624336000007,26.609196697000073],[85.85729742200004,26.572451115000035],[85.94327136200008,26.613178007000045],[85.95584621600005,26.649013672000024],[86.02248238700008,26.66400340100006],[86.13291316300007,26.629190641000037],[86.13618613200003,26.60644192500007],[86.19131150500004,26.615072309000027],[86.19560100400008,26.59522221000003],[86.21415119400007,26.591379646000064],[86.23418985700005,26.590825536000068],[86.25117025900005,26.61509054800007],[86.33311697600004,26.61910596900003],[86.54383464800009,26.53627476500003],[86.56505010200004,26.501940155000057],[86.73490939700008,26.42411019800005],[86.76829618000005,26.459218673000066],[86.83246184200004,26.439352901000063],[86.88690504700008,26.461474165000027],[86.89383401200007,26.486555105000036],[86.92959190100004,26.48975977300006],[86.93136889900006,26.514799977000052],[87.01515331400003,26.532159385000057],[87.04414398700004,26.583796095000025],[87.07095929000008,26.585880299000053],[87.09438101700005,26.44823156800004],[87.16238082900009,26.403982635000034],[87.26035105800008,26.40961485300005],[87.26577855400006,26.37393331100003],[87.31232664500004,26.371561651000036],[87.33676570800003,26.35167571900007],[87.35817726400006,26.361157484000046],[87.36399828800006,26.401179068000033],[87.38838954200008,26.41917969800005],[87.45836881700006,26.438092609000023],[87.54750350300003,26.418462868000063],[87.59778787300007,26.381509666000056],[87.65168414900006,26.393644985000037],[87.64999996500006,26.406032931000027],[87.67794557900004,26.415937859000053],[87.67745268000004,26.43562928800003],[87.73372471500005,26.407691945000067],[87.76428339900008,26.410044936000077],[87.77259056500003,26.45008341500005],[87.80429292400004,26.46497450800007],[87.84864993500008,26.436530037000068],[87.88808114400007,26.48688320800005],[87.90965234100008,26.457698616000073],[87.89857471400006,26.44885162500003],[87.92449447000007,26.446477867000056],[87.92692339900003,26.41762432200005],[87.99170829100007,26.39269814000005],[88.00842245600006,26.36126273800005],[88.02923316100004,26.364756429000067],[88.03781373300006,26.391982280000036],[88.09189703300007,26.43306023400004],[88.10630681500004,26.48545009600008],[88.09659242400005,26.535007552000025],[88.15648159900007,26.632179863000033],[88.18618189000006,26.745013710000023],[88.17250304100008,26.86342706100004],[88.13763218800005,26.89791759900004],[88.14134711200006,26.926713147000044],[88.12107157000008,26.94940609400004],[88.13437773800007,26.98614216200008],[88.09041572700005,27.006587937000063],[88.07889325100007,27.03422252100006],[88.04095321600005,27.036558322000076],[87.98923851200004,27.11515464000007],[88.01508189700007,27.168416282000067],[88.03200730600008,27.284150822000072],[88.06383378900006,27.334656471000073],[88.04382121500004,27.378036103000056],[88.07199695000008,27.44601845300008],[88.04406505000009,27.496545825000055],[88.08415292700005,27.588806697000052],[88.14358512200005,27.663409328000057],[88.15801912400008,27.73883563000004],[88.17654385000003,27.746541485000023],[88.19602955400006,27.789792653000063],[88.17945394700007,27.81501291400008],[88.19732009100005,27.846774537000044],[88.13645325800007,27.880979190000062],[88.11876,27.916022001000044],[88.130086,27.950191001000064],[88.146505,27.963944],[88.20375400100005,27.940863],[88.208561,27.961945],[88.238256,27.968084],[88.257366,27.945653],[88.355904,27.989365],[88.404448,27.980819],[88.496703,28.054677001000073],[88.544783,28.034105001000057],[88.554965,28.080444001000046],[88.602365,28.091034001000025],[88.63270549700007,28.116690418000076],[88.676583,28.072708],[88.756706,28.077693001000057],[88.836759,28.01383],[88.83744370000005,27.931330908000064],[88.867636,27.919711001000053],[88.886453,27.859706001000063],[88.86082,27.81833700100003],[88.866349,27.744048],[88.843242,27.712902],[88.847328,27.666131001000053],[88.814822,27.646914],[88.807184,27.599491001000047],[88.76530300100006,27.563482],[88.793572,27.526935],[88.776827,27.469292],[88.807702,27.404461],[88.837494,27.382081],[88.858925,27.385500001000025],[88.88420363300008,27.34407112400004],[88.92052619300006,27.327704899000025],[88.90893,27.278109990000075],[88.80327,27.24412797100007],[88.78907484000007,27.18531],[88.76876292000009,27.18055404000006],[88.75031292000006,27.14886702000007],[88.87116719300008,27.101389122000057],[88.87510092800005,26.945557707000034],[88.91014194400003,26.986440255000048],[88.92852429400006,26.988042363000034],[88.95206688800005,26.96609758900007],[88.95452622900007,26.929160461000038],[88.98583820300007,26.92002549700004],[89.01804862800003,26.938616852000052],[89.08781684600007,26.89434714400005],[89.10105542700006,26.844086988000072],[89.12893093300005,26.81452093400003],[89.25767734800007,26.815060923000033],[89.31534612300004,26.848127841000064],[89.38364642300007,26.85913245000006],[89.39589295500008,26.84143153900004],[89.43938284400008,26.840516749000074],[89.46681897000008,26.80389795900004],[89.55210406700007,26.812261162000027],[89.64233939300004,26.779401903000064],[89.64862685900005,26.763861775000066],[89.62350141800005,26.725398514000062],[89.65327407400008,26.717925782000066],[89.67291125300005,26.73962259900003],[89.75221442900005,26.73250038200007],[89.77468881700008,26.702067016000058],[89.86094973300004,26.702020985000047],[89.86568821800006,26.732222595000053],[90.05470494900004,26.731742163000035],[90.18547603300004,26.770417665000025],[90.19783524000007,26.82881017400007],[90.23044997500006,26.859034574000077],[90.30030484200006,26.848434461000068],[90.36411198200005,26.901402078000046],[90.42430588700006,26.900054517000058],[90.54644762900006,26.816758936000042],[90.63399696500005,26.79420730700008],[90.64597808200006,26.777701382000032],[90.67622299900006,26.785316186000045],[90.71723202200008,26.769856059000062],[90.99226331100004,26.794863625000062],[91.04378327100005,26.78470270300005],[91.10630797000005,26.81977102600007],[91.23555992400009,26.812483779000047],[91.34426987100005,26.783453741000073],[91.37501966600007,26.79528700700007],[91.40756251600004,26.840185776000055],[91.49509453900004,26.79155232000005],[91.63461237900003,26.819009708000067],[91.68973216000006,26.806690139000068],[91.81553424900005,26.860113569000077],[91.85919748800006,26.913390219000064],[91.89239792300003,26.92055232000007],[91.99173159400004,26.857439593000038],[92.05643146600005,26.847273689000076],[92.09359915600004,26.863167814000064],[92.11479970800008,26.89432003400003],[92.11957308000007,26.965964970000073],[92.07872208000003,27.01765800100003],[92.08224216000008,27.03746601000006],[92.04452604000005,27.053138970000077],[92.03144796000004,27.07973001000005],[92.027286,27.16695603100004],[92.05840908000005,27.192491010000026],[92.07112392000005,27.23103198000007],[92.03862096000006,27.254939040000068],[92.073681,27.278463961000057],[92.10184812000006,27.26845200100007],[92.12360688000007,27.283524030000024],[92.06741916000004,27.324474030000033],[92.04773292000004,27.361893961000078],[92.05479,27.401576041000055],[92.01919673700007,27.47561057300004],[91.94284096000007,27.46018461400007],[91.85082916200008,27.485565300000076],[91.82594956800006,27.468155757000034],[91.76839179500007,27.465116858000044],[91.71236869600006,27.475735448000023],[91.71751848000008,27.49755628500003],[91.69815096000008,27.502516980000053],[91.65199400300008,27.48330172900006],[91.56723408000005,27.58742703100006],[91.57974912000003,27.613386990000038],[91.56311712000007,27.637895970000045],[91.62737982400006,27.697998642000073],[91.64158990800007,27.754557041000055],[91.84766436100006,27.761110694000024],[91.87701838800007,27.72152415000005],[91.92395630200008,27.716592412000068],[91.96626933800007,27.743833340000037],[91.98638188300004,27.777534708000076],[92.05489171800008,27.779872064000074],[92.24051896800006,27.886634230000027],[92.28762659500006,27.874974862000045],[92.318376,27.798827],[92.420472,27.833187],[92.429625,27.80277],[92.455818,27.79333500100006],[92.500317,27.851212],[92.580304,27.88163],[92.606919,27.916835],[92.646349,27.912610001000075],[92.72957400100006,27.978233001000035],[92.730993,28.050364],[92.65854,28.074748001000046],[92.675932,28.14659000100005],[92.71975240800003,28.167095310000036],[92.73625393800006,28.15506999100006],[92.76637702000005,28.163832676000027],[92.784394,28.18670600100006],[92.832726,28.175169],[92.921611,28.200690001000055],[92.946869,28.261607],[93.060225,28.304607],[93.142293,28.364388001000066],[93.17915580400006,28.474663769000074],[93.24685228600003,28.542185497000048],[93.36718546100008,28.59745594900005],[93.43093550200007,28.662593883000056],[93.61989870700006,28.685083045000056],[93.634829,28.656366001000038],[93.682877,28.675572001000035],[93.716176,28.666477],[93.78613300100005,28.71673],[93.79142,28.737307],[93.896591,28.757455],[93.918168,28.743452],[93.912595,28.76974400100005],[93.967038,28.815328],[93.995474,28.790607],[94.014229,28.79407],[94.03339,28.85629300100004],[94.1619,28.90448500100007],[94.172932,28.931774],[94.262444,28.934096],[94.27396,28.967869],[94.366375,29.025931],[94.330377,29.038704],[94.31530152500005,29.07188717300005],[94.276863,29.093863001000045],[94.29370100100004,29.14766700100006],[94.378907,29.154127],[94.388414,29.17844000100007],[94.451992,29.188964],[94.456855,29.213132001000076],[94.540972,29.219737],[94.626468,29.295798],[94.701296,29.31133],[94.734899,29.28142800100005],[94.751664,29.22968],[94.800291,29.211826001000077],[94.807259,29.16486800100006],[94.88419100100003,29.179093],[94.92106,29.157175],[94.96105,29.15993300100007],[95.018381,29.126226],[94.98891243500003,29.171559865000063],[94.999751,29.171605],[95.089866,29.142038],[95.116881,29.11609],[95.108231,29.104715],[95.13595700100007,29.088483001000043],[95.211549,29.107559],[95.271384,29.073198],[95.299347,29.136469],[95.406101,29.124502001000053],[95.433945,29.192749],[95.452429,29.176991],[95.456339,29.139668],[95.500178,29.129478],[95.515344,29.143222001000026],[95.502074,29.192157],[95.601601,29.191327],[95.605629,29.235996],[95.640819,29.213365],[95.68845,29.223792],[95.703379,29.205427],[95.740701,29.220948],[95.730275,29.239669],[95.752431,29.276162001000046],[95.738924,29.297015],[95.757408,29.322608],[95.812326,29.34753],[95.837751,29.352265],[95.839536,29.323017],[95.875589,29.314926],[95.965675,29.375780001000066],[95.98391,29.362843],[96.047095,29.38067600100004],[96.14069030200005,29.341895152000063],[96.15100638400008,29.299897886000053],[96.25974368500005,29.247077939000064],[96.26025350700007,29.217342358000053],[96.30385673600006,29.186111228000073],[96.28918005000008,29.133635034000065],[96.24592979300007,29.111341106000054],[96.21287243700004,29.113513002000047],[96.20217257500008,29.095521070000075],[96.21478518400005,29.075747568000054],[96.18953779300006,29.03625032800005],[96.20969330300005,29.037614547000032],[96.24364602900005,29.086621955000055],[96.32594375000008,29.115485886000045],[96.36718601000007,29.07169305700006],[96.36401580200004,29.042266661000042],[96.44152181500004,28.998206908000043],[96.44810505500004,28.94075941400007],[96.52028121100005,28.938844348000032],[96.52307942100003,28.863387256000067],[96.58575836000006,28.82017712700008],[96.57550877500006,28.782149471000025],[96.60351709200006,28.774674038000057],[96.62847402300008,28.734634380000045],[96.64326094000006,28.68230583500008],[96.60523746900009,28.674255775000063],[96.56266121500005,28.69777526300004],[96.54008324200004,28.68066771900004],[96.54273804200005,28.65065856800004],[96.51111264100007,28.610975850000045],[96.51383343100008,28.58229754200005],[96.47753672700009,28.573937415000046],[96.46722711800004,28.526707599000076],[96.41564715700008,28.524774081000032],[96.40640735700003,28.507766221000054],[96.43457023500008,28.507477730000062],[96.45675164100004,28.486143456000036],[96.47394803700007,28.49580104000006],[96.49940961500005,28.429606577000072],[96.51045293300007,28.457413406000057],[96.49313434900006,28.538755845000026],[96.54913839600005,28.561432274000026],[96.61678556700008,28.62090379800003],[96.68931074100004,28.59111124800006],[96.71112453400008,28.611166921000063],[96.72066290900005,28.584399134000023],[96.76044277000005,28.55463852300005],[96.76176567100003,28.51812099500006],[96.85790896100008,28.483967380000024],[96.88974911700006,28.421812549000038],[96.88653313900005,28.39388467200007],[96.92985701900005,28.35135748500005],[96.99570137200004,28.32590501900006],[97.07530736700005,28.36864761000004],[97.12699334700005,28.361472008000078],[97.23257489600007,28.29511621100005],[97.24251408400005,28.266500036000025],[97.26226536100006,28.264464544000077],[97.28290362700005,28.23599894000006],[97.35840880200004,28.205085736000058],[97.35745302500004,28.16922145700005],[97.32632607800008,28.140294794000056],[97.32712228900004,28.08426571700005],[97.31339343400003,28.065771849000043],[97.35917450500006,28.062828307000075],[97.39498078700007,28.012590901000067],[97.36314760700009,27.965320817000077],[97.37913626700004,27.89206368600003],[97.36024057800006,27.873167998000042],[97.31910611800004,27.888575252000066],[97.29810330500004,27.916077355000027],[97.24906853900006,27.90008087900003],[97.11325999900004,27.785314284000037],[97.09078506000009,27.738833534000037],[97.03208431500008,27.749822901000073],[96.98302330500007,27.666495058000066],[96.94003175400007,27.663137662000054],[96.89211107700004,27.612096896000025],[96.89021073100008,27.57938186000007],[96.90835814900004,27.573501692000036],[96.92764109600006,27.513205382000024],[96.90319253600006,27.454857024000034],[96.95575028100006,27.40552637600007],[96.99636557800005,27.32192959400004],[97.05471615200008,27.275189227000055],[97.08952149800007,27.23621215600008],[97.09013476200005,27.21470876400008],[97.16356689600008,27.14218257300007],[97.14012317200007,27.093969079000033],[97.10042551500004,27.108965514000033],[97.07090460700005,27.089831115000038],[96.97847144900004,27.155630513000062],[96.87303762400006,27.18157278600006],[96.85820975300004,27.204030527000043],[96.88690677800008,27.252524610000023],[96.84903307100006,27.270938238000042],[96.79557012600009,27.345929288000036],[96.70421722000003,27.372258742000042],[96.69143256100006,27.358400419000077],[96.60898437400004,27.365632507000043],[96.59565134200005,27.33901038700003],[96.51915392900008,27.286743898000054],[96.46249859500006,27.30608532800005],[96.38884651600006,27.285925117000033],[96.30618213900004,27.294146632000036],[96.27275110700003,27.272886200000073],[96.22967797500007,27.277690921000044],[96.02830579000005,27.18311476300005],[95.94162559900008,27.05089225200004],[95.87547654000008,27.01493748200005],[95.80225633400005,27.015073313000073],[95.72414279000009,26.882207106000067],[95.66490865500003,26.900039711000034],[95.63382297600003,26.874407964000056],[95.60068627700008,26.81113089200005],[95.55655813500005,26.83263200300007],[95.52622253600003,26.823722619000023],[95.47650493300006,26.742386906000036],[95.45647329900004,26.73872194100005],[95.42326016900006,26.696609203000037],[95.30098786200006,26.65097220900003],[95.25803899000005,26.656980244000067],[95.25624790600006,26.677235624000048],[95.23683056200008,26.68239921000003],[95.14907855700005,26.61332236900006],[95.13929304600003,26.556116084000053],[95.11233924500004,26.54591279300007],[95.11124690600008,26.51493048100008],[95.06275413900005,26.446363012000063],[95.08443803400007,26.447317388000045],[95.10399892300006,26.420552530000066],[95.09674028200004,26.401053598000033],[95.13163694600007,26.378724173000023],[95.11443790400006,26.233419170000047],[95.13996946300006,26.212998355000025],[95.12191156000006,26.184922873000062],[95.11747985000005,26.10443717800007],[95.18229575000004,26.07547855100006],[95.12598920100004,25.987276261000034],[95.01446556900004,25.90188203200006],[95.01185996400005,25.86412116100007],[95.04852861400008,25.789946043000043],[95.03860907100005,25.74028685600007],[94.99733026300004,25.72418798900003],[94.93953872300006,25.669238869000026],[94.91064188800004,25.603691853000043],[94.88264328000008,25.59167319000005],[94.88766499800005,25.56533618900005],[94.84564451300008,25.56132522400003],[94.78383434500006,25.48064382900003],[94.75568102000005,25.492466060000027],[94.68205090900005,25.459624004000034],[94.66498180800005,25.411884362000023],[94.63233011600005,25.38879545900005],[94.63471030800008,25.357993092000072],[94.59304634700004,25.284202699000048],[94.57668289400004,25.214886912000054],[94.60513064000008,25.18224882900006],[94.73577991700006,25.134708010000054],[94.74321945700007,25.038338214000078],[94.69714493000004,24.968495494000024],[94.71093144800005,24.938143788000048],[94.68764498300004,24.889338432000045],[94.63236394100005,24.838991071000066],[94.61920543000008,24.786508912000045],[94.62911273100008,24.757130029000052],[94.60499971600007,24.712627368000028],[94.54729271300005,24.70906394700006],[94.53991036100007,24.644312702000036],[94.50862226400005,24.593900449000046],[94.45811260200009,24.57285077100005],[94.42575021600004,24.481315477000066],[94.39822657300004,24.482340220000026],[94.40849100800006,24.439883610000038],[94.39502271200007,24.40959404000006],[94.36085567600009,24.394423544000063],[94.37845611000006,24.37973377800006],[94.34993069300003,24.33441255500003],[94.32195413700003,24.328911100000028],[94.32191793200008,24.27721962000004],[94.27638399000006,24.173277765000023],[94.25991113800006,24.165469452000025],[94.25450976800005,24.082472391000067],[94.23099563600005,24.057893552000053],[94.23736572400009,24.035416405000035],[94.18993157600005,23.933472707000078],[94.17122356600004,23.926849203000074],[94.15658726800007,23.847907993000035],[94.12509875700005,23.836659807000046],[94.09662369500006,23.888429759000076],[94.05856000500006,23.887357037000072],[94.01646532300003,23.927033640000047],[93.95720837400006,23.93110146500004],[93.93233253500006,23.949110528000062],[93.81126140800006,23.926489994000065],[93.75221780800007,24.00510389300007],[93.62120540900008,24.010076626000057],[93.59205887300004,23.961946990000058],[93.55973527700007,23.982053669000038],[93.55268615900007,23.962941467000064],[93.50684015100006,23.942900119000058],[93.47134164000005,23.96477613600007],[93.40273103800007,24.081343981000032],[93.34603345000005,24.103684771000076],[93.33123207800008,24.08594708800007],[93.32870974700006,23.985432119000052],[93.35447853300008,23.942738349000024],[93.39363384500007,23.929096424000022],[93.38562885100004,23.84715071100004],[93.40292253300004,23.802729748000047],[93.39238646500007,23.762009613000032],[93.40946111500006,23.705625001000044],[93.43441174700007,23.68673579400007],[93.41669003100009,23.640051885000048],[93.41520914400007,23.532757125000046],[93.39656045100008,23.507439084000055],[93.38782993300003,23.446630542000037],[93.40128465500004,23.383784277000075],[93.35782284000004,23.346207940000056],[93.37118664100007,23.331098973000053],[93.36894469600009,23.251161699000022],[93.38739568700004,23.217918995000048],[93.36752973600005,23.144236669000065],[93.38510366300005,23.133995165000044],[93.35880054000006,23.11604806400004],[93.34262184500005,23.058244758000058],[93.29577169000004,23.009550028000035],[93.24384355100005,23.00679406100005],[93.18371630200005,23.059639850000053],[93.12542640800007,23.037957153000036],[93.12224600100006,23.006737027000042],[93.15937462400007,22.91805892700006],[93.12905605700007,22.90316525000003],[93.09585779600008,22.800553012000023],[93.10653528200004,22.744976114000053],[93.09480064700006,22.67666809600007],[93.13903996100004,22.585029989000077],[93.11164609300005,22.555249419000063],[93.10752406500006,22.525261912000076],[93.12835422800003,22.52364390200006],[93.13952524600006,22.453742959000067],[93.18177000800006,22.429972855000074],[93.20159277800008,22.26582303300006],[93.14173127500004,22.242585441000074],[93.16115095400005,22.195296803000076],[93.15175188800004,22.177067573000045],[93.06363306200006,22.207389111000055],[93.03758002400008,22.194542253000066],[93.04811277200008,22.165197480000074],[93.03653273900005,22.14850964200008],[93.05756508200005,22.10388778400005],[93.00750084800006,22.105055416000027],[93.00194462000007,21.983206057000075],[92.98241190800007,21.980534205000026],[92.95123519300006,22.03001828300006],[92.92893127700006,22.01718020900006],[92.90660948400006,21.94516352000005],[92.89394020000003,22.003871546000028],[92.86335579600006,22.02961821400004],[92.86267299600007,22.061318478000032],[92.69728026500007,22.154105412000035],[92.68044739900006,22.014472626000043],[92.60254291500007,21.97812090900004],[92.60071582600006,22.057041566000066],[92.56234282400004,22.127616318000037],[92.57798121200005,22.141109424000035],[92.60732527000005,22.12616960500003],[92.60809927800005,22.16555592800006],[92.55211855000005,22.414669159000027],[92.51744516900004,22.717308341000034],[92.47606519000004,22.75608889600005],[92.44852979000007,22.895695732000036],[92.40022311500007,22.91202114600003],[92.37364333900007,22.943966447000037],[92.39141735000004,23.059390803000042],[92.35823507300006,23.10661970600006],[92.35166487700008,23.22834344300003],[92.40187720000006,23.236468609000042],[92.37083912600008,23.318439468000065],[92.37694546400007,23.357778551000024],[92.35255512200007,23.381499646000066],[92.35788188900005,23.40708108000007],[92.31612797000008,23.486552948000053],[92.29504111300008,23.620769857000028],[92.27296242800008,23.642739623000068],[92.29046232500008,23.69016803200003],[92.27938109500008,23.716987541000037],[92.24112828700004,23.720174306000047],[92.22881678900006,23.662844687000074],[92.21289201800005,23.652817541000047],[92.20698661800003,23.70012467300006],[92.17913890600005,23.70871260200005],[92.16302168000004,23.739604618000044],[92.10279804200007,23.680013961000043],[92.08269008300005,23.677327069000057],[92.07587257200004,23.64846295600006],[92.04641025100005,23.646156450000035],[92.01084538400005,23.66331460300006],[91.97978991500008,23.726024736000056],[91.95401681500005,23.72682747600004],[91.95404779300009,23.697966128000076],[91.93646513500005,23.687952377000045],[91.97008451900007,23.482482099000038],[91.94395550900003,23.467239256000028],[91.93441191400007,23.43315989100006],[91.90444014200006,23.438580983000065],[91.84536609800006,23.402180862000023],[91.82531646600006,23.357377444000065],[91.76245459000006,23.299533499000063],[91.81751629300004,23.103783881000027],[91.83515002700005,23.094111644000066],[91.80576555900006,23.066925771000058],[91.77955875400005,23.071280255000033],[91.78074597100004,23.031700260000036],[91.72207467700008,22.98991965700003],[91.64795313900004,22.984236942000052],[91.62224756400008,22.941192297000043],[91.60030802400007,22.97426588700006],[91.56856882200003,22.97219986500005],[91.54350727300005,23.00309266100004],[91.55030913800005,23.038487271000065],[91.52504678700006,23.05541725200004],[91.53525984800007,23.063456451000036],[91.51197461500004,23.104348111000036],[91.51634469600003,23.12433259100004],[91.49485901100007,23.147156103000043],[91.50379156700006,23.19063670500003],[91.47076796200008,23.196535021000045],[91.48442383400004,23.209322289000056],[91.45659425700006,23.21654857300007],[91.46447555700007,23.236873256000024],[91.44328323200006,23.261335359000043],[91.42113813200007,23.26195498000004],[91.41530580400007,23.28125238100006],[91.38071934800007,23.208565331000045],[91.41598923600009,23.063104128000077],[91.36974623900005,23.070501225000044],[91.32564105800003,23.15714612200003],[91.31154060100005,23.30991137700005],[91.29188825000006,23.31705795000005],[91.32008820200008,23.360244743000067],[91.29737150200003,23.351426639000067],[91.28543027600006,23.366439496000055],[91.24928789400008,23.490278253000042],[91.20074173200004,23.520218207000028],[91.20809328600006,23.54317525500005],[91.15882648000007,23.618459014000052],[91.15631873500007,23.670900698000025],[91.20363934900007,23.650406411000063],[91.20357870400005,23.68086488800003],[91.15337768500007,23.69478191500008],[91.15602116400004,23.734804457000052],[91.17238572700006,23.749607523000066],[91.22337466900007,23.747312287000057],[91.25341767800006,23.836345316000063],[91.22932939200007,23.88565344500006],[91.24559651000004,23.91056797600004],[91.23275406500005,23.92722044800007],[91.27164725400007,23.924801381000066],[91.271757,23.963355001000025],[91.28409236900006,23.981361822000054],[91.29699810800008,23.97144465100007],[91.302294,23.990784],[91.37754041900007,23.97530378500005],[91.37573335400003,24.006328824000036],[91.396321,24.042163001000063],[91.374573,24.103891],[91.41370652100005,24.11507139500003],[91.53986196500006,24.07685717000004],[91.59216813800003,24.075544312000034],[91.59900541900004,24.097587919000034],[91.63719433900008,24.102433889000054],[91.65850358700004,24.18804526100007],[91.647683,24.215115],[91.66168779800006,24.22937716100006],[91.685663,24.164814],[91.758265,24.141607],[91.74554254600008,24.242312705000074],[91.82124252400007,24.209906087000036],[91.84774154200005,24.222849695000036],[91.843912,24.196945001000074],[91.90286617300006,24.13752758800007],[91.93976678700005,24.26589858500006],[91.92651697100007,24.33741345900006],[91.96200264800007,24.352412985000058],[91.98026402100004,24.327936929000032],[91.99529965700003,24.33161583800006],[91.96939202000004,24.38401722800006],[91.98898324600003,24.37911652200006],[91.99780932100003,24.39249036900003],[92.08820576200009,24.37277821300006],[92.11562954100003,24.381984050000028],[92.13874642800005,24.425289983000027],[92.16761647500005,24.425049754000042],[92.15454270700008,24.52321445800004],[92.20731356800007,24.50642680900006],[92.22380897500005,24.517647313000055],[92.25590972100008,24.679667644000062],[92.29637330200006,24.736951529000066],[92.28239685700004,24.74178782000007],[92.28927132500007,24.78527566300005],[92.27110770700006,24.828862840000056],[92.24102693900005,24.848872843000038],[92.247504,24.887346010000044],[92.23513607800004,24.902545645000032],[92.30153624800005,24.915051062000032],[92.39254393200008,24.851226533000045],[92.48890789200004,24.87481669600004],[92.48693976400006,24.941067903000032],[92.45608582000006,24.941521403000024],[92.46283454100006,24.967225387000042],[92.42072733300006,24.965572130000055],[92.42690027200007,25.026963059000025],[92.34196573300005,25.049289374000068],[92.33904967800004,25.07590553800003],[92.31019177000007,25.069713770000078],[92.22204058000005,25.099822209000024],[92.19313261900004,25.132612558000062],[92.16538106100006,25.126692030000072],[92.13168260900005,25.160175139000046],[92.06169323600005,25.18784878100007],[92.00684263400007,25.186289201000022],[91.97994841000008,25.16981308100003],[91.91582608100003,25.18194402200004],[91.74915625000006,25.174665951000065],[91.74283251700007,25.144141800000057],[91.70432016200004,25.157946004000053],[91.69376953900007,25.139686555000026],[91.63578818700006,25.123291464000033],[91.59930550700005,25.151082934000044],[91.61497200900004,25.174908834000064],[91.46783439200004,25.134414143000072],[91.41877569900004,25.16601532800007],[91.29163638700004,25.18439012700003],[91.27031366000006,25.204981804000056],[91.07476259600008,25.19765846300004],[90.86300468400003,25.158037668000077],[90.77572096100005,25.182562191000045],[90.69220449400007,25.161139847000072],[90.68646829200009,25.173815114000035],[90.66865001800005,25.166322765000075],[90.66524861900007,25.195768977000057],[90.63391278600005,25.175733912000055],[90.51541251600008,25.173429933000023],[90.43885278000005,25.145509453000045],[90.36671392600005,25.16606613700003],[90.33014421300004,25.193805243000043],[90.10990967400005,25.226812151000047],[89.96411078400007,25.30249241200005],[89.90368693100004,25.306210021000027],[89.87966353300004,25.286245406000035],[89.83831201100008,25.293235523000078],[89.81969124700004,25.380517344000054],[89.88164849400005,25.619481026000074],[89.85187446000003,25.707747444000063],[89.82888551500008,25.727857929000038],[89.84004321800006,25.76742113000006],[89.81913417600003,25.813729842000043],[89.83400555800006,25.867048557000032],[89.88307477500007,25.93893180300006],[89.83179452600007,25.94544525200007],[89.84147052900005,25.969968042000062],[89.87129756600007,25.97402620500003],[89.83604397800008,26.010585733000028],[89.83354937200005,25.99150712000005],[89.817916,25.990168],[89.81232881500006,26.038106949000053],[89.79059635100003,26.017907454000067],[89.79965943400003,26.035945654000045],[89.78184683600006,26.04058659900005],[89.79487593500005,26.08699715700004],[89.75518872500004,26.112122873000033],[89.76624330600004,26.12978230300007],[89.74867214500006,26.156002149000074],[89.68456988200006,26.161834508000027],[89.70111968700007,26.172350530000074],[89.67407610900005,26.20011730500005],[89.68798895300006,26.209855447000052],[89.67938670400008,26.23815452300005],[89.67186582400007,26.219944405000035],[89.63444046300003,26.220610519000047],[89.64495557300006,26.184835777000046],[89.62768999600007,26.184076891000075],[89.65701007500007,26.178504260000068],[89.65090410700003,26.17045769500004],[89.61580012000007,26.178837139000052],[89.59985793200008,26.160874583000066],[89.59988000200008,26.13108300400006],[89.629795,26.119875],[89.59509275500005,26.103792388000045],[89.608856,26.08874200100007],[89.63328,26.101519],[89.64805890500008,26.068893364000076],[89.58509215000004,26.03424342900007],[89.57602087000004,25.96851407300005],[89.53880649700005,25.97195005800006],[89.53967199700008,26.005942177000065],[89.47210692600004,25.997976790000052],[89.43337856000005,26.010155161000057],[89.42581730000006,26.045067157000062],[89.39472387200004,26.013181427000063],[89.35461703600004,26.008398283000076],[89.26106443400005,26.06240279900004],[89.26563764800005,26.08912994900004],[89.22861098900006,26.120226846000037],[89.15421423500004,26.14276465100005],[89.13640943000007,26.184617183000057],[89.14108937400005,26.233609541000078],[89.10475770600004,26.281319773000064],[89.10230914200008,26.310966175000033],[89.11936732800007,26.286891551000053],[89.13476472000008,26.313230532000034],[89.09183302000008,26.320232084000054],[89.09366943000003,26.39250854900007],[89.03664480700007,26.395396824000045],[89.02171483100005,26.414183389000073],[88.98539707800006,26.42094921000006],[88.97830837700008,26.449672142000054],[88.95990982800004,26.457574563000037],[88.91258145700004,26.408769134000067],[88.91988186800006,26.36502001100007],[88.95833039700005,26.361788706000027],[88.95227852100004,26.335889156000064],[88.97070268500005,26.350094526000078],[88.98839585200005,26.341664758000036],[88.99926568100005,26.32497371100004],[88.98349242300009,26.305877945000077],[88.99576443200004,26.291049127000065],[89.01763235200008,26.304773819000047],[89.04268311900006,26.27589604900004],[89.05574847100007,26.293210971000065],[89.06255737200007,26.25364347900006],[89.04810986200005,26.247074007000037],[88.96543429200005,26.238906950000057],[88.92473880100005,26.28425923900005],[88.89353718700005,26.288081626000064],[88.86257118700007,26.266335627000046],[88.87021315800007,26.233977294000056],[88.84079911500004,26.23127859300007],[88.81308518800006,26.262219842000036],[88.81625248200004,26.291682064000042],[88.79255818700005,26.309307628000056],[88.76358318700005,26.298990051000033],[88.74809020800006,26.31108899000003],[88.74293390000008,26.29199281800004],[88.67446953400008,26.26354288400006],[88.66886002900009,26.292348589000028],[88.70371896600005,26.286426281000047],[88.67499888300006,26.320188461000043],[88.72883784700008,26.318185871000026],[88.74774412200009,26.32851069800006],[88.73753131400008,26.329225544000053],[88.74552167300004,26.34748595600007],[88.70161525700007,26.341488309000056],[88.69411224200007,26.385101935000023],[88.67632215700007,26.395590044000073],[88.68593436400005,26.41301508300006],[88.64679718700006,26.417028626000047],[88.62315320000005,26.438312558000064],[88.62343218700005,26.467251628000042],[88.60269219000008,26.470860350000066],[88.58504518700005,26.450318622000054],[88.56680718700005,26.457330627000033],[88.55669318900004,26.483576628000037],[88.52464644500003,26.484884066000063],[88.52169497500006,26.504882460000033],[88.49524936200004,26.512019489000068],[88.48495018700004,26.53921562800008],[88.43723694000005,26.544114534000073],[88.41103410100004,26.633895446000054],[88.40182918700003,26.628123628000026],[88.33159218200007,26.481949627000063],[88.35241304900006,26.449646676000043],[88.37158053200005,26.487974526000073],[88.47718918700008,26.461986628000034],[88.52313471000008,26.36354695600005],[88.48095538700005,26.35071837000004],[88.45871741500008,26.37610416800004],[88.42972977900007,26.335983729000077],[88.35360685600006,26.28597304400006],[88.35354868500008,26.226603212000043],[88.32114139400005,26.20352510400005],[88.24563615100004,26.18812469200003],[88.17667067400004,26.143803345000038],[88.15770393600008,26.08058047000003],[88.18361628300005,26.072848570000076],[88.17436012400003,26.019974309000077],[88.14575845700006,26.014080746000047],[88.11066421100008,25.934943012000076],[88.08767301100005,25.919149375000075],[88.09327243900003,25.873780416000045],[88.11181515000004,25.86577761800004],[88.10105197200005,25.829041389000054],[88.14921437700008,25.775934969000048],[88.18966661800005,25.802467157000024],[88.20429526000004,25.78823738500006],[88.26500739100004,25.81083327500005],[88.26648315900007,25.783323619000043],[88.32046321700005,25.738289115000043],[88.37468377700009,25.71278093600006],[88.41101818900006,25.67036470900007],[88.45217956700003,25.66522117200003],[88.447575,25.60608],[88.49951949400008,25.580628717000025],[88.49369224400004,25.560919942000055],[88.52908661800006,25.542862454000044],[88.54595593000005,25.508590102000028],[88.60251952300007,25.514815182000063],[88.66250572800004,25.476588511000045],[88.69250306800006,25.474169913000026],[88.71667108900004,25.499648679000074],[88.76437102700004,25.495484314000066],[88.75941233100008,25.525311440000053],[88.80829976700005,25.52337777300005],[88.83819396800004,25.45501726400005],[88.83081014600003,25.42218843200004],[88.81260656900008,25.410663672000055],[88.83793264800005,25.39739595700007],[88.84068487500008,25.366859873000067],[88.92899804000007,25.305397500000026],[89.00576998500009,25.299551159000032],[89.00819510500008,25.265624756000022],[88.98947041900004,25.27414260100005],[88.95523675600003,25.253983934000075],[88.95794443000005,25.21558791900003],[88.93511497200006,25.20156672300004],[88.94065696500007,25.17356029800004],[88.92244958000003,25.16525663400006],[88.83882187900008,25.210847913000066],[88.79596159300007,25.172212915000046],[88.77226317200007,25.188165694000077],[88.73443593000007,25.184713170000066],[88.70676418700003,25.207658628000047],[88.61991018700007,25.205291627000065],[88.57014776100004,25.17601131600003],[88.49923708300008,25.209972201000028],[88.47912566900004,25.212543243000027],[88.46682721400003,25.19665275400007],[88.43961556000005,25.204966458000058],[88.46164518700004,25.151508626000066],[88.44267663400007,25.11797580900003],[88.44900350200004,25.079949105000026],[88.43555432700003,25.05193083000006],[88.44898581900009,25.04028371100003],[88.44210419300003,25.01313662700005],[88.42635119300007,25.013801389000037],[88.41647863400004,24.978144557000064],[88.39348851200003,24.963862865000067],[88.39903051900006,24.945447045000037],[88.36610282000004,24.952990741000065],[88.34006718700005,24.937703628000065],[88.32447884300007,24.918037368000057],[88.34397318700007,24.89838462800003],[88.33308917800008,24.87086262500003],[88.31968376200007,24.883746874000053],[88.30330720300003,24.87185216900008],[88.27413741900006,24.89680947000005],[88.26712527700005,24.878348653000046],[88.25675350000006,24.92551570300003],[88.22224082200006,24.962150376000068],[88.14023527800003,24.936328770000046],[88.17338279600006,24.86248302300004],[88.14460556500006,24.845109929000046],[88.13642182800004,24.80533944000007],[88.12392656400004,24.821699215000024],[88.09872029300004,24.779832662000047],[88.07242034600006,24.773014172000046],[88.06308382300006,24.723173976000055],[88.01357496000008,24.674620899000047],[88.14156474800006,24.51073846500003],[88.20348456200009,24.459996481000076],[88.27549132900003,24.437913455000057],[88.33725398700005,24.37989999800004],[88.44303811700007,24.379578715000036],[88.52822040800004,24.341602347000048],[88.55409058700008,24.295223004000036],[88.56831937000004,24.327203053000062],[88.63442967900005,24.30694659900007],[88.69170884800008,24.31516135800007],[88.73540308600008,24.27907464200007],[88.74156595500006,24.143800948000035],[88.70458239800007,24.10932109600003],[88.74283468200008,24.050794086000053],[88.72416141800005,24.042117879000045],[88.73900146800008,24.02905820700005],[88.73008554700004,24.000150070000075],[88.75809170100007,24.00687833300003],[88.76621413000004,23.987710599000025],[88.73662617900004,23.98157069000007],[88.73515994800005,23.915471660000037],[88.70539620600005,23.913980708000054],[88.65679293800008,23.869356092000032],[88.61465222100009,23.876398592000044],[88.58196969200009,23.863110928000026],[88.60047423300006,23.820773598000073],[88.59137115000004,23.797657651000065],[88.55971521600009,23.78622557400007],[88.58037611400005,23.766674025000043],[88.56082060700004,23.654592550000075],[88.56915952800006,23.63650051700006],[88.59424926900004,23.632374208000044],[88.58051366700005,23.605584151000073],[88.63721338400006,23.609985336000022],[88.65379822400007,23.556411558000036],[88.75002716600005,23.48135161600004],[88.79578031300008,23.501000756000053],[88.79506513000007,23.44396622200003],[88.76386039500005,23.448046384000065],[88.75524669200007,23.418770686000073],[88.76357416600007,23.36491658600005],[88.73538917800005,23.352848658000028],[88.74584023800008,23.310135652000042],[88.69747011900006,23.30366163900004],[88.72259219100005,23.25419768000006],[88.76988271600004,23.244072601000028],[88.79333698800008,23.220049421000056],[88.82063416400007,23.248815455000056],[88.90317393400005,23.234723130000077],[88.94262325700004,23.20617971400003],[88.98827779300007,23.216804855000078],[88.97855745600003,23.18543358100004],[88.94616557400008,23.18063991400004],[88.91883556300007,23.13109987100006],[88.86828778600005,23.100188668000044],[88.86110162600005,23.077981559000023],[88.88066097200004,23.032206116000054],[88.86696225900005,23.006114635000074],[88.84713017300004,23.01106364800006],[88.86670225300008,22.982842617000074],[88.85868211200005,22.94437068700006],[88.88709626100007,22.953617603000055],[88.90789359900003,22.885076582000067],[88.94528386300004,22.880810972000063],[88.96738617700004,22.84679561200005],[88.95635900200006,22.796987165000075],[88.91365009300006,22.760044460000074],[88.91829814900007,22.73264308800003],[88.96180659600003,22.690412563000052],[88.93108532000008,22.651227724000023],[88.93894702300008,22.617233973000054],[88.96033010600007,22.61607159700003],[88.93763167900005,22.56014770300004],[88.95940040200009,22.551782821000074],[88.99594114100006,22.470502642000042],[89.00008716600007,22.429581686000063],[88.97303323200003,22.412166607000074],[88.98612425600004,22.395778646000053],[88.98684526800008,22.323869626000032],[89.02116815500005,22.301617687000032],[88.99516514500004,22.288999569000055],[89.06756416900004,22.20112855600007],[89.06929318800007,22.151821677000044],[89.09803221900006,22.15508961300003],[89.03938722800007,22.09639667600004],[89.03494262700008,22.047861099000045],[89.07640707000007,21.997500776000038],[89.06594033800008,21.94287631700007],[89.03083212000007,21.925229041000023],[89.00289154000006,21.945693971000026],[89.02038574300008,21.974832536000065],[88.99452972400007,21.95080566400003],[89.01816121200005,21.90739491100004],[88.98750305200008,21.88791656500007],[89.02911376900005,21.866916656000058],[89.03119659400005,21.827333451000072],[89.01164245600006,21.811111450000055],[89.02200317400008,21.76819419900005],[89.09122467000003,21.675693512000066],[89.09955596900005,21.637332917000037],[89.05741882300003,21.61194419800006],[89.02246856700003,21.66027832000003],[89.04205322300004,21.618165970000064],[89.01413726800007,21.598611833000064],[89.00199890100004,21.617332459000068],[88.95747375500008,21.617082595000056],[88.94286346400008,21.640028001000076],[88.94955444300007,21.66247177100007],[88.91583251900005,21.63538932800003],[88.88913726800007,21.654582978000064],[88.87288665800008,21.697471620000044],[88.88202667300004,21.754167557000073],[88.85997009300007,21.777055740000037],[88.83186340300006,21.76774978800006],[88.86619567900004,21.759166717000028],[88.84449768000007,21.71500015400005],[88.86203002900004,21.644971847000022],[88.85202789300007,21.625804901000038],[88.84703064000007,21.63830566400003],[88.85038757300003,21.61750030500008],[88.81372070400005,21.62913894600007],[88.82125091600005,21.68000030500008],[88.79080200200008,21.655389785000068],[88.74500274700006,21.66205597100003],[88.71619415300006,21.684165955000026],[88.69791412300003,21.749139787000047],[88.70913696300005,21.82536125300004],[88.71955871600005,21.82416725300004],[88.69791412300003,21.83747291700007],[88.71916961700003,21.851249696000025],[88.70163726800007,21.844554901000038],[88.70036315900006,21.85666656500007],[88.72791290300006,21.899972916000024],[88.72702789300007,21.975000382000076],[88.75830841100003,21.967889787000047],[88.76280212400007,22.01072311400003],[88.77733612000009,22.012805940000078],[88.75072479200009,22.052778244000024],[88.75658416800007,22.07449913100004],[88.72652435400005,22.052804948000073],[88.69319152900005,22.075332641000045],[88.68530273400006,22.067388536000067],[88.73611450200008,22.02655601500004],[88.71988677900003,22.002805711000065],[88.66652679500004,22.018667222000033],[88.65364074700005,22.068250656000032],[88.63408660900006,22.074527742000043],[88.62991333000008,22.033666611000058],[88.61325073400008,22.017833710000048],[88.60366821300005,22.030776979000052],[88.60030365000006,22.01738929800007],[88.61069488500004,22.01613807700005],[88.60124969500004,21.964971542000058],[88.61877441500008,21.932443620000072],[88.58127594000007,21.977500917000043],[88.58161163300008,21.952888490000078],[88.61205291800007,21.91497230500005],[88.58583068900003,21.88872146700004],[88.57499694800003,21.905389787000047],[88.57624816900005,21.857500077000054],[88.55496978800005,21.815361024000026],[88.53455352800006,21.846639633000052],[88.54916381900006,21.87375068700004],[88.52202606200007,21.855028152000045],[88.50035858200005,21.874139785000068],[88.52410888600008,21.912082673000043],[88.52208709700005,21.944139481000036],[88.50166320800008,21.95541572700006],[88.50330352800006,21.912889481000036],[88.45788574200003,21.895805359000065],[88.47914123500004,21.887945176000073],[88.49124908400006,21.84086036800005],[88.44955444300007,21.813333511000053],[88.47619628900009,21.781665803000067],[88.45705413800005,21.710777284000073],[88.47291565000006,21.67083358800005],[88.45541381800007,21.620805740000037],[88.43497467000003,21.606222153000033],[88.43958282500006,21.62747192300003],[88.42038726800007,21.65327835200003],[88.42788696300005,21.710805893000042],[88.41288757300003,21.651611329000048],[88.43369293200004,21.619943619000026],[88.40000152600004,21.591222764000065],[88.38038635200007,21.671638490000078],[88.40205383300008,21.718305589000067],[88.36750030500008,21.731222154000022],[88.39372253400006,21.70580482500003],[88.35913848900003,21.683721542000058],[88.33666992200006,21.722917558000063],[88.31663513200004,21.70708274800006],[88.30869293200004,21.72497177100007],[88.29497528100006,21.705415725000023],[88.28035736100009,21.728305818000024],[88.30952453600008,21.674943925000036],[88.28624725300006,21.602527618000067],[88.30958557100007,21.579166413000053],[88.29413604700005,21.55875015400005],[88.24835968000008,21.561222076000035],[88.21536254800003,21.61252784800007],[88.23622131300004,21.641666412000063],[88.23202514700006,21.668333054000072],[88.19875335700004,21.680833818000053],[88.22041320900007,21.701610565000067],[88.21955871600005,21.761693955000055],[88.17041778500004,21.864139557000044],[88.17624664300007,21.92583274800006],[88.15625,21.959167481000065],[88.19119262700008,21.992471695000063],[88.22447204600007,22.074943542000028],[88.20697021500007,22.152444839000054],[88.15994262700008,22.197000504000073],[88.02202606200007,22.223222733000057],[88.02161407500006,22.20036125200005],[88.13327789300007,22.18366623000003],[88.19119262700008,22.10661125300004],[88.14830780000005,22.059499740000035],[88.04994201800008,22.015638353000043],[88.00955200200008,21.909139633000052],[87.96041870100004,21.837499618000038],[87.89666748000008,21.792888641000047],[87.87958526600005,21.80994415300006],[87.88710785000006,21.778305054000043],[87.79455566400009,21.699138641000047],[87.80744171200007,21.70122146600005],[87.75247192300003,21.69372177200006],[87.71333313000008,21.66205597100003],[87.64669799800004,21.646223070000076],[87.64710998600003,21.657499313000073],[87.38083648700007,21.571250915000064],[87.33924865700004,21.574943543000074],[87.37958526600005,21.555805208000038],[87.37000274700006,21.552055358000075],[87.18497467100008,21.553722381000057],[87.17285919200003,21.540832521000027],[87.19833374000007,21.546249389000025],[87.12752533000008,21.512945175000027],[87.09247589100005,21.53705596900005],[87.11666870100004,21.515417100000036],[87.10874939000007,21.502500535000024],[87.07913970900006,21.474582673000043],[87.03874969500004,21.47833251900005],[87.05410766600005,21.476194383000063],[87.05080413800005,21.459554672000024],[86.89913940500008,21.31458282500006],[86.83833313000008,21.204526901000065],[86.83208465600006,21.212444307000055],[86.82952880900007,21.140832901000067],[86.97372436500007,20.814971924000076],[86.96163940400004,20.782054902000027],[86.88327789300007,20.793722154000022],[86.86761474600007,20.775222778000057],[86.99414062500006,20.770389557000044],[87.00708007800006,20.716693879000047],[86.92561340300006,20.707445146000055],[87.00744628900009,20.695388795000042],[87.06253051700008,20.717889785000068],[86.85877990800003,20.590000152000073],[86.76914215100004,20.502861024000026],[86.73163604700005,20.534610748000034],[86.76041412400008,20.50830650300003],[86.74794769300007,20.470806123000045],[86.72166442800005,20.480417251000063],[86.73503112700007,20.478721618000066],[86.72961425800008,20.399166107000042],[86.70913696300005,20.40958404500003],[86.72577667200005,20.393722534000062],[86.74663543700007,20.40041732700007],[86.73955535900006,20.38827705500006],[86.75919342200007,20.39869499300005],[86.74583435000005,20.381250382000076],[86.77913665800008,20.395416261000037],[86.77705383300008,20.337444307000055],[86.68369293200004,20.294944763000046],[86.72413635400005,20.293750763000048],[86.79958343500005,20.360834123000075],[86.79455566400009,20.34086036700006],[86.72413635400005,20.29038810700007],[86.67205810600007,20.274166107000042],[86.66747284000007,20.255388260000075],[86.52085876500007,20.18458366400006],[86.52416992200006,20.17374992500004],[86.55249786400003,20.19375038100003],[86.44580841100003,20.061222076000035],[86.43208313000008,20.014139175000025],[86.38372039800004,19.96663856600003],[86.38249969500004,19.98452758700006],[86.32680511500007,19.99358368000003],[86.31833648700007,19.98705482500003],[86.37330627500006,19.958749771000043],[86.24077606200007,19.90625],[86.24208068800004,19.91669464100005],[86.22164154100005,19.911277772000062],[86.23163604700005,19.902860643000054],[86.20169067400008,19.889554979000025],[85.85416412400008,19.802917482000055],[85.54499817000004,19.697055818000024],[85.52635955800008,19.68350029100003],[85.58916473400006,19.705389023000066],[85.34327697700007,19.58122253500005],[85.14830780000005,19.44702720600003],[85.06996917700008,19.37125015400005],[85.04039001500007,19.384111404000066],[85.05249786300004,19.367055894000032],[85.07497406000005,19.372055054000043],[84.91664123500004,19.259582520000038],[84.91124725400005,19.275028229000043],[84.91252899200003,19.255416871000023],[84.84202575700004,19.190805435000073],[84.79621887200005,19.117500306000068],[84.78788757300003,19.127471925000066],[84.77747345000006,19.10791587800003],[84.75083160400004,19.11538887000006],[84.72624969500004,19.09083366400006],[84.75330352800006,19.07958412200003],[84.78661346400008,19.110445024000057],[84.68289184600008,18.958305360000054],[84.58955383300008,18.86330604500006],[84.55791473400006,18.790000915000064],[84.49874877900004,18.742471696000052],[84.35539245600006,18.564167024000028],[84.34333038400007,18.57622146600005],[84.31291961700003,18.539138794000053],[84.35497284100006,18.558721542000058],[84.35333251900005,18.548721313000044],[84.14208221400008,18.356666566000058],[84.10500335700004,18.351222992000032],[84.13124847400007,18.33166694600004],[84.12249755800008,18.306249620000074],[83.95166778600003,18.21372223000003],[83.92624664300007,18.228277207000076],[83.93994140600006,18.212888717000055],[83.66625213600008,18.08663940400004],[83.67827606200007,18.085388184000067],[83.58663940400004,18.018749237000065],[83.56663513200004,18.012083055000062],[83.55874633800005,18.024972916000024],[83.55583191100004,17.980388643000026],[83.45661163400007,17.90041732800006],[83.45580291700009,17.92374992500004],[83.45705413800005,17.89416694600004],[83.41541290300006,17.851667405000057],[83.41711425800008,17.82250023000006],[83.38249969600008,17.77291679500007],[83.34249877900004,17.721250535000024],[83.28330230700004,17.689556123000045],[83.29792022700008,17.67583275000004],[83.21752929700006,17.59375],[83.01999664300007,17.50622177200006],[82.99244690100005,17.472917557000073],[82.89083099300007,17.42788887000006],[82.89580536000005,17.447055818000024],[82.86166381800007,17.42288971100004],[82.87039184600008,17.416666032000023],[82.57913970900006,17.26958274800006],[82.46414184500009,17.188749314000063],[82.30619812100008,17.038333893000072],[82.27541351300005,16.94580650300003],[82.24874877900004,16.92583274800006],[82.25038909900007,16.879138948000048],[82.30166626000005,16.863750458000027],[82.31541443000003,16.842472076000035],[82.35166931200007,16.852916719000063],[82.35788726800007,16.831638336000026],[82.36458587700008,16.926639557000044],[82.33413696300005,16.982084274000044],[82.34413909900007,16.985416412000063],[82.36289215100004,16.962444305000076],[82.36955261200006,16.873332979000054],[82.34237670900006,16.739370346000044],[82.27308322500005,16.707937961000027],[82.29385715100005,16.696999783000024],[82.33468153200005,16.713570692000076],[82.33470153800005,16.689319612000077],[82.36490631100008,16.719900132000078],[82.34629821800007,16.725299836000033],[82.36963653600003,16.719610215000046],[82.32753753600008,16.662950515000034],[82.30995941200007,16.60123062300005],[82.28427978500008,16.641275364000023],[82.25847602100004,16.64961249600003],[82.25823486400003,16.68866265300005],[82.25802815800006,16.644944390000035],[82.27907769100005,16.634436849000053],[82.29940375500007,16.59056355900003],[82.26327514800005,16.562915803000067],[82.30036163300008,16.566638947000058],[82.29333496100008,16.554582597000035],[82.23416900700005,16.542943955000055],[82.02999877900004,16.44124984700005],[82.04705810500008,16.45913887200004],[81.96330261300005,16.397054672000024],[81.96622467100008,16.434972763000076],[81.95080566400003,16.39291572600007],[81.88166809100005,16.38122177100007],[81.72161102300004,16.309555055000033],[81.72455596900005,16.362472534000062],[81.70996856700003,16.30541610800003],[81.67919159000007,16.327028274000043],[81.54122161800007,16.35000038100003],[81.55249786400003,16.347888947000058],[81.55541992200006,16.369138719000034],[81.52997589100005,16.351222992000032],[81.40369415300006,16.34238815300006],[81.27166748100007,16.27702713000002],[81.27038574200003,16.289167404000068],[81.18827819800003,16.14291572700006],[81.20246887300004,16.14291572700006],[81.20211029000006,16.129138947000058],[81.15041351300005,16.019971849000058],[81.15208435000005,15.971666336000055],[81.12955474900008,15.988333703000023],[81.13874816900005,15.967472076000035],[81.00788879400005,15.839166642000066],[80.99786376900005,15.802499772000033],[81.01708221400008,15.76911068100003],[81.03455352800006,15.782500268000035],[81.03125,15.762527466000051],[80.98583221500007,15.775388719000034],[81.00250244100005,15.747083664000058],[80.98249816900005,15.738721849000058],[80.95913696300005,15.758749962000024],[80.96916961700003,15.754555702000062],[80.95205688600004,15.734972],[80.97250366200007,15.749555588000078],[80.96869659400005,15.730833053000026],[80.94161224400005,15.71205520600006],[80.90333557100007,15.750389099000074],[80.92121887200005,15.71997261000007],[80.83164215100004,15.70127773400003],[80.83403015200008,15.752583504000029],[80.81416320800008,15.742944717000057],[80.78458404500003,15.808361055000034],[80.78121948200004,15.846638679000023],[80.81080627400007,15.779555322000022],[80.80535888700007,15.842472076000035],[80.67749786400003,15.889555931000075],[80.52999877900004,15.85202789400006],[80.45330810500008,15.816222191000065],[80.35583496100008,15.757055282000067],[80.25038909900007,15.651666641000077],[80.26083374000007,15.65202808500004],[80.22164154000006,15.533778190000078],[80.22877502600005,15.540861129000064],[80.19664001500007,15.502916337000045],[80.19705200200008,15.489999771000043],[80.21244812000003,15.504583359000037],[80.20458221500007,15.46997261100006],[80.09788513200004,15.312527658000022],[80.10624694800003,15.322472572000038],[80.08452606200007,15.27163887000006],[80.08915328900008,15.20706987400007],[80.04792022700008,15.079138756000077],[80.08789062500006,14.88327789300007],[80.09122467000003,14.809194564000052],[80.08078002900004,14.808750154000052],[80.12789154100005,14.72999954200003],[80.11247253400006,14.745388986000023],[80.11374664300007,14.724139213000058],[80.11788940400004,14.73333358900004],[80.13455200200008,14.715833664000058],[80.13333129900008,14.692916871000023],[80.13874816900005,14.71166706200006],[80.14622497500005,14.699166298000023],[80.18541717500005,14.596666336000055],[80.14666748000008,14.570416450000039],[80.19374847400007,14.575805665000075],[80.16958618200005,14.347444534000033],[80.13952636700003,14.247471809000047],[80.10458374000007,14.245778084000051],[80.13452911400003,14.230860710000059],[80.12997436500007,14.066249847000051],[80.14128112900005,14.067472458000054],[80.24121856700003,13.824944496000057],[80.23249816900005,13.815388679000023],[80.25455474900008,13.789166450000039],[80.23622131300004,13.644139291000045],[80.33039093000008,13.378360748000034],[80.32369232200006,13.435805320000043],[80.33041381900006,13.424972534000062],[80.34622192300003,13.283305169000073],[80.30541992200006,13.20833301500005],[80.33002472000004,13.230388641000047],[80.29538726800007,13.122471811000025],[80.29544067300003,13.087499620000074],[80.30208587600004,13.095833778000042],[80.27622222900004,13.068333626000026],[80.24330902100007,12.803722383000036],[80.23369598400006,12.84497261000007],[80.22961425800008,12.786611558000061],[80.25122070400005,12.794138908000036],[80.25375366200007,12.77244472500007],[80.15625,12.462444305000076],[80.13583374200005,12.432083130000024],[80.11541748100007,12.444167137000022],[80.12786102300004,12.42249965800005],[80.11544799800004,12.402500154000052],[80.01164245600006,12.262083053000026],[79.97497558600008,12.23619461100003],[80.01000213600008,12.258694649000063],[79.86958313000008,12.033333779000031],[79.82244110100004,11.90872192300003],[79.82414245600006,11.878694534000033],[79.81246948200004,11.882111551000037],[79.78791809100005,11.728361131000042],[79.76036071800007,11.675805092000076],[79.77830505300005,11.70127773300004],[79.75955200200008,11.544166565000069],[79.82705688500005,11.36583328200004],[79.76210784900007,11.383305549000056],[79.83961486800007,11.34497261200005],[79.85622406000005,11.199999810000065],[79.85205841000004,10.837499620000074],[79.82702636700003,10.818333626000026],[79.84833526600005,10.825416565000069],[79.87208557100007,10.300805092000076],[79.87705230700004,10.320805550000046],[79.88122558600008,10.310832977000075],[79.86080932600004,10.280444145000047],[79.79333496100008,10.272889139000029],[79.80997467000003,10.285416604000034],[79.79830932700008,10.304555894000032],[79.68997192400008,10.324583055000062],[79.66249847400007,10.347888948000048],[79.65833282500006,10.32288932800003],[79.63625335700004,10.35661125300004],[79.62664031900005,10.333722115000057],[79.57330322200005,10.312889099000074],[79.56038665700004,10.326666832000058],[79.59249877900004,10.328694343000052],[79.59247589200004,10.345417023000039],[79.55416870200008,10.35122203800006],[79.54747009300007,10.331250190000048],[79.52083587700008,10.329583168000056],[79.46333313000008,10.349583627000072],[79.49205780100004,10.328305244000035],[79.46330261200006,10.329610824000042],[79.47164154100005,10.322055818000024],[79.52330780000005,10.317083359000037],[79.39330291700009,10.320361137000077],[79.37333679200003,10.295416832000058],[79.29413604700005,10.26038932800003],[79.23122406000005,10.140000343000054],[79.22955322400009,10.097472192000055],[79.26791381800007,10.04169464100005],[79.15625,9.930805207000049],[79.11628639300005,9.847293383000022],[78.98455810600007,9.694138527000064],[78.96458435000005,9.629166604000034],[78.93455505400004,9.593333245000053],[78.91960907000004,9.494138718000045],[78.90041351300005,9.482472420000022],[78.99333190900006,9.352889062000031],[78.98664093000008,9.331222535000052],[78.95996856700003,9.342888832000028],[78.96916961700003,9.335416795000071],[79.00624847400007,9.339166641000077],[79.05830383300008,9.29955577800007],[79.18830871500006,9.282917024000028],[79.09163665800008,9.259555817000034],[78.96583557200006,9.271222116000047],[78.91083526700004,9.24788856500004],[78.86086273200004,9.251277925000068],[78.72666931200007,9.204527855000038],[78.72002410900006,9.18538856500004],[78.66169738800005,9.185416222000072],[78.65291595500008,9.158333778000042],[78.58335876400008,9.127111435000074],[78.48625183100006,9.124138832000028],[78.49288940500008,9.132527351000022],[78.42416381800007,9.112055780000048],[78.37244415300006,9.07708358800005],[78.36708068900003,9.085833551000064],[78.36247253400006,9.067028046000075],[78.27252960200008,9.001194],[78.28041839600007,9.012444497000047],[78.26583099400005,9.017916681000031],[78.26791381800007,9.00163841400007],[78.18624877900004,8.920000076000065],[78.16955566400003,8.875805855000067],[78.16371917700008,8.756667137000022],[78.12744140600006,8.762888910000072],[78.16455841100003,8.752499582000041],[78.19083404500003,8.763750076000065],[78.19372558600008,8.785805702000062],[78.20038604800004,8.764166833000047],[78.17163848800004,8.745361328000058],[78.11746978700006,8.642055511000024],[78.13627624500003,8.59749984900003],[78.11372375500008,8.585000039000022],[78.13330841100003,8.592888832000028],[78.13708496200007,8.581666946000041],[78.13036346500007,8.493332864000024],[78.07955932600004,8.436611175000053],[78.06041717500005,8.384944917000041],[78.04916381800007,8.388722420000022],[78.06999969400005,8.376250268000035],[77.89167022700008,8.271222114000068],[77.81410980200008,8.243721962000052],[77.75419616700003,8.179555893000042],[77.58413696200006,8.13705539800003],[77.55000305200008,8.073694230000058],[77.32247161800007,8.122916221000025],[77.01580810600007,8.349583626000026],[76.63539123500004,8.829972268000063],[76.54541778600003,8.90413856500004],[76.54125213600008,8.926666261000037],[76.56625366200007,8.914972306000038],[76.59750366200007,8.932055473000048],[76.59244537400008,8.941277504000027],[76.57661438000008,8.92536068100003],[76.60500335700004,8.971249582000041],[76.61000061000004,8.950388908000036],[76.60952758900004,8.965833665000048],[76.63913726800007,8.950416565000069],[76.63119506900006,8.965777398000057],[76.67205810500008,8.964166642000066],[76.63794708200004,8.975805284000046],[76.65827941900005,8.97875023000006],[76.64583587600004,8.998722076000035],[76.61080932700008,8.975417137000022],[76.58538818400007,8.99163913700005],[76.56788635300006,8.94830513100004],[76.55163574200003,8.955389023000066],[76.57499694900008,8.975388527000064],[76.53663635200007,8.96119403800003],[76.54544067400008,8.938305856000056],[76.53541564900007,8.945805550000046],[76.46035766600005,9.135805130000051],[76.48542022700008,9.114972116000047],[76.49163818400007,9.165361404000066],[76.46875,9.147500038000032],[76.43910980200008,9.237055780000048],[76.42372131400003,9.244999886000073],[76.46038818300008,9.14080524600007],[76.45205688600004,9.153306007000026],[76.38455200200008,9.307499887000063],[76.38955688500005,9.329194070000028],[76.38788604800004,9.316666603000044],[76.33286285400004,9.430000305000021],[76.23794555600006,9.956666948000077],[76.23994445800008,9.96872234400007],[76.25580596900005,9.96452808500004],[76.27166748100007,9.930360794000023],[76.25785827800007,9.970833778000042],[76.28516387900004,9.946611404000066],[76.27622222900004,10.004972459000044],[76.26499938900008,10.036250116000076],[76.23955535900006,10.033305169000073],[76.24375152600004,9.976638794000053],[76.21538543700007,10.013305665000075],[76.16789245600006,10.180000306000068],[76.20666503900003,10.192083358000048],[76.15374755900007,10.19497203800006],[76.11289215100004,10.344111443000031],[76.03710937500006,10.522500038000032],[76.06536102300004,10.540833474000067],[76.04497528100006,10.552055360000054],[76.04621887300004,10.539972305000049],[76.02541351300005,10.536666870000033],[75.94288635200007,10.722499847000051],[75.94496917700008,10.752916336000055],[75.93877410900006,10.742500305000021],[75.91955566400003,10.778333665000048],[75.95872497500005,10.807499886000073],[75.92333221400008,10.797082902000056],[75.91000366200007,10.827055931000075],[75.91539001500007,10.787471771000071],[75.90955352800006,10.795805932000064],[75.83041381900006,11.115777969000021],[75.84291839600007,11.137444496000057],[75.86460876500007,11.115805627000043],[75.86794281000005,11.127499581000052],[75.85077667200005,11.143750191000038],[75.82038879400005,11.13247203800006],[75.80836486800007,11.15375042100004],[75.82414245700005,11.177055359000065],[75.80705261300005,11.163332940000032],[75.80039215100004,11.173333168000056],[75.78041839600007,11.222499847000051],[75.79582977300004,11.233694076000063],[75.77999878000008,11.22622203900005],[75.73791503900003,11.324999809000076],[75.73833465600006,11.352889061000042],[75.75585937500006,11.360361099000045],[75.73580932700008,11.345444679000025],[75.68164062500006,11.447083473000077],[75.62041473400006,11.478361129000064],[75.53997039800004,11.709583284000075],[75.48122406000005,11.75500011500003],[75.48708343500005,11.779110909000053],[75.45625305100003,11.77244472600006],[75.46294403100006,11.804139139000029],[75.46208190900006,11.78166675600005],[75.44960784900007,11.781639099000074],[75.38333129800003,11.857889177000061],[75.36042022800007,11.857444763000046],[75.30122375500008,11.941666604000034],[75.34330749500003,11.932083130000024],[75.28250122100008,11.995416642000066],[75.29250335700004,11.952055932000064],[75.24330902100007,12.011221887000033],[75.19625091500006,12.01744461100003],[75.18038940400004,12.049166679000052],[75.12041473400006,12.194999696000025],[75.13122558600008,12.212499620000074],[75.11372375400003,12.211638450000066],[75.00958252100008,12.42913913700005],[75.01455688500005,12.44577789400006],[75.00455474800003,12.441666604000034],[74.98872375500008,12.472499847000051],[75,12.469555855000067],[75.00205230700004,12.489999771000043],[75.00205230700004,12.475832939000043],[74.97791290300006,12.494138717000055],[74.93622589100005,12.614138604000061],[74.92913818300008,12.607083320000072],[74.82538604700005,12.83833313100007],[74.84330749500003,12.822889329000077],[74.86833190900006,12.832055092000076],[74.83210754400005,12.850000383000065],[74.81955719000007,12.904999734000057],[74.83041381900006,12.845805169000073],[74.82211303700007,12.853333473000077],[74.77874755900007,13.092499733000068],[74.77705383300008,13.079111100000034],[74.71205902100007,13.324972153000033],[74.69541931100008,13.343277931000046],[74.70664215100004,13.338749885000027],[74.69125366200007,13.444167138000068],[74.70038604800004,13.410805703000051],[74.71958160500003,13.445805550000046],[74.70122528100006,13.44330596900005],[74.68952941900005,13.460805893000042],[74.66789245600006,13.624138832000028],[74.67080688500005,13.633722305000049],[74.67705535900006,13.610833169000045],[74.68583679200003,13.637944223000034],[74.71994781500007,13.633722305000049],[74.68330383300008,13.648722650000025],[74.68035888700007,13.679166794000025],[74.67202758800005,13.640861511000026],[74.64372253400006,13.681638719000034],[74.58872222900004,13.91080570400004],[74.51786041200006,13.979971887000033],[74.50372314400005,14.018333435000045],[74.52666473400006,14.020444871000052],[74.50202941900005,14.040833474000067],[74.46955871500006,14.182444572000065],[74.42961120600006,14.269971849000058],[74.45455932600004,14.247471809000047],[74.51002502500006,14.242944717000057],[74.48169708300003,14.277028084000051],[74.43952941900005,14.275860786000067],[74.42874908500005,14.307527543000049],[74.42536163300008,14.289138794000053],[74.41874694800003,14.29749965700006],[74.39372253400006,14.413305284000046],[74.40916442900004,14.408749582000041],[74.40577697800006,14.419583320000072],[74.38291931100008,14.416666984000074],[74.34958648700007,14.50163841400007],[74.38083648800006,14.53125],[74.36289215100004,14.540778160000059],[74.36875152600004,14.557499885000027],[74.34999847400007,14.517110826000021],[74.31747436500007,14.51619434500003],[74.29286193900003,14.585833551000064],[74.34416961700003,14.599583626000026],[74.31497192400008,14.59955596900005],[74.31327820000007,14.61538887000006],[74.30083465500007,14.597916603000044],[74.27786254800003,14.608333587000061],[74.28289032000004,14.638333320000072],[74.29333496200007,14.636221887000033],[74.27705383300008,14.65413856500004],[74.28833007800006,14.657860756000048],[74.25580596900005,14.702888490000078],[74.27830505400004,14.708749772000033],[74.23913574200003,14.741222382000046],[74.19333648700007,14.721221924000076],[74.16458129900008,14.757444381000028],[74.15705871600005,14.74916649000005],[74.09416961600004,14.795416832000058],[74.12455749500003,14.805805208000038],[74.13163757400008,14.836222649000035],[74.17038726800007,14.829166413000053],[74.16205596900005,14.859972],[74.11125183100006,14.845833778000042],[74.09705352800006,14.891638757000067],[74.04122161900005,14.917471887000033],[74.05161285400004,14.960416794000025],[74.03747558600008,14.978777885000056],[74.04914093000008,14.982083320000072],[73.99041748000008,15.02163887000006],[73.98163604800004,15.054555893000042],[73.91994476300005,15.082055092000076],[73.95627594000007,15.15747261000007],[73.95124816900005,15.145805359000065],[73.89955902100007,15.323333742000045],[73.88124847400007,15.362500192000027],[73.84163665800008,15.357889177000061],[73.78583526600005,15.41205597000004],[73.88583374100006,15.40041637400003],[73.88522339000008,15.427555084000062],[73.86413574200003,15.427916526000047],[73.84999847400007,15.449583053000026],[73.79333496100008,15.457027435000043],[73.81913757300003,15.508722307000028],[73.76708221400008,15.493332863000035],[73.73377990700004,15.588305475000027],[73.78747558600008,15.649582863000035],[73.73580932600004,15.613750457000037],[73.69455719000007,15.699138641000047],[73.70916748100007,15.733722687000068],[73.68080902100007,15.718750001000046],[73.65413665800008,15.73791694700003],[73.67163848800004,15.752916336000055],[73.65541839600007,15.788332940000032],[73.66625213700007,15.808305740000037],[73.65789032000004,15.798333169000045],[73.63869476300005,15.813305855000067],[73.59625244100005,15.91663932800003],[73.57328033500005,15.911250116000076],[73.54333496100008,15.936249733000068],[73.51330566400003,15.936222077000025],[73.50875091600005,15.984972],[73.50291442900004,15.971611023000037],[73.49285888600008,15.981638908000036],[73.48208618200005,16.038333893000072],[73.45788574200003,16.061695099000076],[73.47372436500007,16.131639482000026],[73.46747589100005,16.140417100000036],[73.46336364900003,16.091222764000065],[73.43872070300006,16.196638109000048],[73.45625305200008,16.211639406000074],[73.45288848900003,16.223304748000032],[73.43038940400004,16.207471847000022],[73.41294097900004,16.272472382000046],[73.42913818400007,16.281221389000052],[73.41208648700007,16.276666642000066],[73.38539123600003,16.335805894000032],[73.39083099400005,16.35952758800005],[73.41999816900005,16.367916107000042],[73.37413787800006,16.358722687000068],[73.36708068900003,16.379167557000073],[73.40827941900005,16.40622139000004],[73.46414184500003,16.410417557000073],[73.41500091600005,16.41452789400006],[73.36705780000005,16.396667480000076],[73.36042022700008,16.434139252000023],[73.38166809100005,16.44869422900007],[73.34958648600008,16.450000763000048],[73.31708526600005,16.51080513000005],[73.31285858100006,16.536638260000075],[73.33455657900004,16.55913925300007],[73.36458587700008,16.51416587800003],[73.35289001500007,16.502471925000066],[73.36244201600005,16.477945329000022],[73.36583709700005,16.507055283000057],[73.43419647300004,16.49875068600005],[73.36916351300005,16.519527435000043],[73.34872436500007,16.553277971000057],[73.40666961700003,16.55538940400004],[73.35708618200005,16.55661201600003],[73.32128143300008,16.590833665000048],[73.37330627400007,16.628723146000027],[73.39167022700008,16.591278076000037],[73.38791656500007,16.61166572600007],[73.40080261300005,16.614583969000023],[73.39080810600007,16.63538932800003],[73.33916473400006,16.620416641000077],[73.34330749500003,16.69372177300005],[73.32580566400003,16.691223146000027],[73.30791473400006,16.726667404000068],[73.30872345000006,16.778305053000054],[73.32833099400005,16.809555055000033],[73.34291839600007,16.791666031000034],[73.34166717500005,16.826250076000065],[73.31913757300003,16.806222915000035],[73.29702758800005,16.813333511000053],[73.28874969500004,16.879138948000048],[73.30830383300008,16.887027740000065],[73.27913665800008,16.889554977000046],[73.28291320800008,16.95247268600002],[73.29536438000008,16.979139329000077],[73.32955932600004,16.949193954000066],[73.32997131400003,16.969554901000038],[73.32247161800007,16.961221695000063],[73.30500030500008,16.982084274000044],[73.27580261200006,16.984556198000064],[73.28624725500003,17.01080513100004],[73.25914001400008,17.019527435000043],[73.25708007800006,17.044137956000043],[73.27580261200006,17.03791618300005],[73.28952789300007,17.00333404500003],[73.28955841100003,17.027471542000058],[73.32541656500007,17.040000917000043],[73.28377532900004,17.040805816000045],[73.29122161900005,17.074138641000047],[73.31205749500003,17.078332901000067],[73.29494476300005,17.077917100000036],[73.28624725500003,17.108304977000046],[73.27330780000005,17.108778],[73.25458526600005,17.184165955000026],[73.23369598400006,17.19580650300003],[73.24580383300008,17.196193696000023],[73.24791717500005,17.21997261200005],[73.19208526600005,17.30083274900005],[73.22536468500005,17.298334123000075],[73.26164245600006,17.257917404000068],[73.25958252000004,17.279972076000035],[73.29666900700005,17.282083513000032],[73.29744720400004,17.293722154000022],[73.24830627500006,17.29205513100004],[73.24372100800008,17.314971925000066],[73.22127532900004,17.32749939000007],[73.23124694800003,17.333333969000023],[73.21377563500005,17.379194260000077],[73.17541503900003,17.395833969000023],[73.20583343500005,17.43458366400006],[73.18955230700004,17.448333740000066],[73.19122314400005,17.508306505000064],[73.14580535900006,17.542083740000066],[73.14122009300007,17.563333512000042],[73.21641540500008,17.587305069000024],[73.18164062500006,17.582056047000037],[73.13794708200004,17.610000610000043],[73.11708068800004,17.686611176000042],[73.13705444300007,17.713306427000077],[73.08958435000005,17.83161163400007],[73.12955474800003,17.834194183000022],[73.09080505400004,17.839555740000037],[73.07458496100008,17.879138948000048],[73.08535766600005,17.89416694600004],[73.06916809100005,17.887056350000023],[73.05369567800005,17.904167175000055],[73.09208679200003,17.939138412000034],[73.05750274700006,17.927110672000026],[73.03289032100008,17.943332672000054],[73.04044342200007,17.975805284000046],[73.09094238200004,17.990360261000035],[73.01958465600006,17.990804672000024],[73.01166534400005,18.023750306000068],[73.03871917700008,18.03333282500006],[73.02375030600007,18.036666871000023],[73.04039001400008,18.051639558000034],[73.02210998500004,18.02913856500004],[72.99500274700006,18.047916412000063],[72.99869537300003,18.080833435000045],[72.97374725300006,18.123306274000072],[72.98916626000005,18.15455627600005],[72.98127746600005,18.189167024000028],[72.93624878000003,18.225000383000065],[72.93627929700006,18.27997207800007],[72.95333099400005,18.283777237000038],[72.98247528100006,18.241222383000036],[73.01830291900006,18.242916107000042],[73.07286071900006,18.217472076000035],[73.05869293200004,18.184972764000065],[73.09999847400007,18.141222001000074],[73.09455871600005,18.16497230500005],[73.06455230800003,18.187500001000046],[73.08125305200008,18.22999954200003],[73.04538726800007,18.30083274800006],[73.08372497600004,18.30083274800006],[73.08419799900008,18.324583054000072],[73.06747436500007,18.30288887000006],[73.04294586200007,18.301666261000037],[73.05538940400004,18.27249908600004],[73.03663635300006,18.263750076000065],[73.00583648700007,18.284610748000034],[72.99710845900006,18.274194719000036],[72.91789245600006,18.354972839000027],[72.92874908500005,18.381639482000026],[72.89622497500005,18.462444305000076],[72.90621948200004,18.534944534000033],[72.96702575700004,18.53333282600005],[73.00205230700004,18.47083282500006],[72.97127533000008,18.536638261000064],[72.92996978800005,18.539583207000078],[72.88703155500008,18.622499466000022],[72.89833068800004,18.632888794000053],[72.86624908400006,18.64916610800003],[72.85705566400003,18.696666717000028],[72.87166595400004,18.80374908400006],[72.91750335700004,18.793722152000043],[72.94580841100003,18.82374954200003],[72.99500274700006,18.78041648800007],[72.98538970900006,18.74663925300007],[73.01413726800007,18.714582445000076],[72.99044799800004,18.748277665000046],[73,18.782054901000038],[72.97875213600008,18.799972534000062],[73.01288604700005,18.802499771000043],[72.98913574400007,18.805416107000042],[72.98542022700008,18.859972001000074],[72.92455291700003,18.851667404000068],[72.90958404500003,18.893333435000045],[72.92327880800008,18.91119384700005],[72.94583129900008,18.891277314000035],[72.94210815400004,18.90413856500004],[72.96038818300008,18.91247177100007],[72.95038604700005,18.945806504000075],[72.97961425800008,18.94330596900005],[72.95827484100005,18.962083816000074],[73.05416870100004,18.997055055000033],[73.06041717500005,19.01663971100004],[73.00833129900008,18.99788856500004],[72.99869537300003,19.01080513000005],[72.99624633800005,19.064138413000023],[72.98455810500008,19.06830596900005],[72.99666595500008,19.090415954000036],[72.98835754400005,19.08372306800004],[72.98000335700004,19.101249696000025],[72.98786163400007,19.188278198000035],[72.96458435100004,19.123332979000054],[72.94660949700005,19.11124992400005],[72.95455932600004,19.098333359000037],[72.93038940400004,19.087499618000038],[72.95044708300003,19.089971544000036],[72.95955657900004,19.040861131000042],[72.90708160500003,18.997528077000027],[72.86577606200007,19.00622177200006],[72.83997345000006,18.917943954000066],[72.80830383300008,18.891250610000043],[72.82041931200007,18.94336128200007],[72.79452514600007,18.93913841400007],[72.79455566400003,18.951639175000025],[72.81536102300004,18.97913932800003],[72.81749725300006,19.023750306000068],[72.82666778600003,19.017889024000056],[72.83705902100007,19.04163932800003],[72.82205200200008,19.05333328200004],[72.83458709700005,19.087499618000038],[72.80455780000005,19.140806198000064],[72.83041381800007,19.174165725000023],[72.79705810700005,19.129138948000048],[72.78208160400004,19.16497230500005],[72.84124755900007,19.250804902000027],[72.81994628900003,19.24625015400005],[72.79161071800007,19.192054748000032],[72.78291320800008,19.19830513000005],[72.78624725400005,19.304971695000063],[72.80997467100008,19.292083740000066],[72.86419677700007,19.313694],[72.91210937500006,19.288333893000072],[72.85416412400008,19.35041618500003],[72.81330871700004,19.323778152000045],[72.77708435100004,19.348333358000048],[72.74624633800005,19.464166641000077],[72.78163909900007,19.492916107000042],[72.88163757300003,19.51958274800006],[72.84583282500006,19.54125022900007],[72.83039093000008,19.510833740000066],[72.80916595400004,19.50622177100007],[72.78327941900005,19.505388260000075],[72.78705596900005,19.516666412000063],[72.76330566400003,19.50622177100007],[72.73247528000007,19.527055740000037],[72.71747589100005,19.592889787000047],[72.74500274700006,19.59708404500003],[72.71710968000008,19.639165879000075],[72.71208190900006,19.70413970900006],[72.69541931200007,19.725833893000072],[72.71541595400004,19.741693498000075],[72.68958282500006,19.74416732700007],[72.69125366200007,19.800777435000043],[72.65541839600007,19.83913803100006],[72.68997192400008,19.862888336000026],[72.67163848900003,19.927110673000072],[72.69252777100007,19.959554672000024],[72.72247314500004,19.967889786000057],[72.74250030500008,19.938749315000052],[72.71871948200004,19.97249984800004],[72.70788574200003,20.071666717000028],[72.73458099400005,20.105833054000072],[72.74624633800005,20.19830513100004],[72.77500152600004,20.210388183000077],[72.75497436600006,20.207889556000055],[72.74291992200006,20.228332521000027],[72.75289154000006,20.285804748000032],[72.78910827600004,20.350444795000044],[72.83330535900006,20.368694305000076],[72.82202911400003,20.370000839000056],[72.82872009300007,20.40500068600005],[72.85247039800004,20.407083513000032],[72.83249664300007,20.41291618400004],[72.82785797100007,20.434999466000022],[72.90044403000007,20.53000068700004],[72.88705444500005,20.54249954200003],[72.89289093000008,20.620000839000056],[72.90911102300004,20.630416871000023],[72.88747406000005,20.637083055000062],[72.84708404600008,20.739110948000075],[72.89167022700008,20.737888336000026],[72.93041992200006,20.75913810800006],[72.85666656500007,20.75202751300003],[72.84622192400008,20.792499543000076],[72.86666870100004,20.787082672000054],[72.85041809100005,20.80080604500006],[72.85544586200007,20.82250022900007],[72.82624816900005,20.794137954000064],[72.82961273200004,20.815805436000062],[72.78289032000004,20.91497230500005],[72.81330871700004,20.931194305000076],[72.82122039800004,20.922472],[72.82913970900006,20.950387955000053],[72.86416626000005,20.946250917000043],[72.84080505400004,20.95708274800006],[72.84833526600005,20.970417024000028],[72.76419067400008,20.929527283000027],[72.74375152600004,20.96997261000007],[72.72628021200006,21.048305511000024],[72.78247070300006,21.04291725300004],[72.78913879400005,21.05538940400004],[72.84163665800008,21.036222458000054],[72.79624938900008,21.05833244300004],[72.82499694800003,21.092082978000064],[72.76333618200005,21.065361023000037],[72.74666595500008,21.085388183000077],[72.70703125000006,21.087499620000074],[72.71411132800006,21.135416032000023],[72.78869628900003,21.18000030500008],[72.75252533000008,21.17869377100004],[72.73666381800007,21.144611360000056],[72.67747497500005,21.15791702300004],[72.65580749500003,21.085416794000025],[72.66458129900008,21.090805055000033],[72.64411163400007,21.078722],[72.62708282500006,21.093334198000036],[72.62202453600008,21.137472154000022],[72.64788818400007,21.142471315000023],[72.62750244200004,21.139554977000046],[72.62083435100004,21.17874908600004],[72.63083648700007,21.168722153000033],[72.64330291700003,21.211221696000052],[72.66916656500007,21.222888948000048],[72.67708587600004,21.202444078000042],[72.73664093000008,21.19708251900005],[72.63996887200005,21.235361099000045],[72.64624786400003,21.26744461100003],[72.62916565000006,21.25374984700005],[72.62039184600008,21.274999619000027],[72.63872528100006,21.29830551200007],[72.59786224400005,21.29830551200007],[72.63330841100003,21.319555284000046],[72.63163757300003,21.34375],[72.64997100800008,21.33372306800004],[72.68497467000003,21.353776932000073],[72.65286254900008,21.355777740000065],[72.64619445800008,21.38666725300004],[72.70083618200005,21.46372222900004],[72.72750091500006,21.466222764000065],[72.73627471900005,21.4375],[72.75746917800006,21.44788932800003],[72.72580719100006,21.47702789300007],[72.64244079600007,21.448694230000058],[72.68666839700006,21.507917404000068],[72.77541351300005,21.593305588000078],[72.82955932700008,21.618333818000053],[72.83916473300008,21.668750763000048],[72.92330932600004,21.67038917700006],[72.86916351300005,21.690416337000045],[72.78416442800005,21.66372299300008],[72.73750305200008,21.690389633000052],[72.60919189500004,21.68458366400006],[72.54164123500004,21.659555435000073],[72.52708435100004,21.710832597000035],[72.56122589100005,21.756639480000047],[72.57038879400005,21.809972764000065],[72.61875152500005,21.90333366400006],[72.65164184600008,21.947082520000038],[72.71916961600004,21.940416336000055],[72.74874877900004,21.975000382000076],[72.72702789300007,21.979166030000044],[72.73458099400005,21.95747184800007],[72.71752929700006,21.952028275000032],[72.69828033500005,21.971195221000073],[72.64160919200003,21.962944032000053],[72.54252624500003,21.89869499200006],[72.51374816900005,21.914167406000047],[72.50791931100008,21.974945070000047],[72.52788543700007,22.010833741000056],[72.51455688400006,22.027471542000058],[72.54125213600008,22.127471924000076],[72.58583068800004,22.204555511000024],[72.64919281100003,22.21538925300007],[72.75164032000004,22.173721313000044],[72.78997039800004,22.197082520000038],[72.78291320800008,22.21663856600003],[72.82166290300006,22.238721847000022],[72.80999755800008,22.237083436000034],[72.82955932700008,22.250000001000046],[72.81913757300003,22.254583359000037],[72.87083435000005,22.23374939100006],[72.91197205900005,22.258116915000073],[72.83997345000006,22.282028199000024],[72.74830627500006,22.231250764000038],[72.64455413800005,22.281665803000067],[72.56580352800006,22.304582597000035],[72.53580474800003,22.290416719000063],[72.53458404500003,22.30330467400006],[72.51916503900003,22.273721695000063],[72.47083282500006,22.252056121000066],[72.42830658000008,22.206193925000036],[72.43041992200006,22.23661041400004],[72.41163635200007,22.208694458000025],[72.41210937500006,22.257499694000046],[72.37999725300006,22.33705520700005],[72.35619354200003,22.315805435000073],[72.35705566400003,22.286638260000075],[72.33416748200005,22.28791618300005],[72.32707977300004,22.30827713000008],[72.33374786400003,22.255027771000073],[72.31830597000004,22.23538970900006],[72.29035949700005,22.246610641000075],[72.30041503900003,22.107500076000065],[72.23252868700007,22.01205635100007],[72.18872070300006,22.01663970900006],[72.23538971000005,22.00333404500003],[72.24375152600004,21.933361053000056],[72.16455841000004,21.958305359000065],[72.23202514600007,21.938304902000027],[72.24958038300008,21.90833282400007],[72.24744415200007,21.80788803200005],[72.21458435000005,21.824972153000033],[72.21788787900005,21.848304750000068],[72.20872497600004,21.826665880000064],[72.18872070300006,21.835832595000056],[72.17455291700003,21.814971925000066],[72.19660949700005,21.817916870000033],[72.23750305200008,21.766277313000046],[72.22538757300003,21.74916648800007],[72.23705291800007,21.719139099000074],[72.28289032000004,21.68333244400003],[72.30541992200006,21.622472763000076],[72.27208709700005,21.579166413000053],[72.23166656500007,21.451250076000065],[72.11038970900006,21.30083275000004],[72.09161377000004,21.312889100000064],[72.11291503900003,21.290000916000054],[72.09541320800008,21.28413963400004],[72.08621978800005,21.233304977000046],[72.11127471900005,21.199111938000044],[71.79416656500007,21.05088806300006],[71.78247070300006,21.065082550000056],[71.78038787800006,21.048833848000072],[71.80955505400004,21.037971498000047],[71.77661132800006,21.039249420000033],[71.76288604700005,21.062999727000033],[71.74294281000005,21.034694671000068],[71.77913665800008,21.034221650000063],[71.76080322300004,21.020139694000022],[71.72499847500006,21.021804811000038],[71.57416534500004,20.952110290000064],[71.53919220000006,20.944555284000046],[71.58291626000005,20.985000610000043],[71.51830291700003,20.95455551300006],[71.47830200200008,20.887083053000026],[71.43502807600004,20.86624908500005],[71.38246917900005,20.87288856500004],[71.37830352800006,20.85208320600003],[71.32414245700005,20.844554902000027],[71.15080261300005,20.764610292000043],[71.12833404500003,20.767055511000024],[71.14952850300006,20.761693956000045],[71.13994598400006,20.756250383000065],[71.09080505500003,20.75622177300005],[71.08666992200006,20.76958274800006],[71.06994628900003,20.732889175000025],[71.01252746600005,20.737888336000026],[70.97916412300003,20.722917558000063],[70.99330902100007,20.717082978000064],[70.98083496100003,20.70041656500007],[70.92414093000008,20.708749771000043],[70.90333557200006,20.697916032000023],[70.87496948200004,20.707056047000037],[70.87538909900007,20.71997261200005],[70.82746887200005,20.689556123000045],[70.70244598400006,20.738721849000058],[70.67414093000008,20.765388488000042],[70.65327453600008,20.75872230500005],[70.66622162000004,20.775806427000077],[70.62333679200003,20.769556047000037],[70.46830749500003,20.840415954000036],[70.41208648700007,20.875833511000053],[70.42208099500004,20.89330482500003],[70.40455627500006,20.881639480000047],[70.36416626000005,20.90208244400003],[70.35336303700007,20.92288971100004],[70.32166290400005,20.92788887000006],[70.18250274600007,21.032917024000028],[70.05208587600004,21.149999620000074],[69.77705383300008,21.454944612000077],[69.80747222900004,21.448722839000027],[69.80503082300004,21.45958328200004],[69.76205444400006,21.470806123000045],[69.61164093000008,21.627056123000045],[69.57414245600006,21.64286041400004],[69.44872283900008,21.76830482500003],[69.43914032000004,21.761222839000027],[69.39122009200008,21.805000306000068],[69.37369537300003,21.826665880000064],[69.39624786400003,21.853305818000024],[69.37708282400007,21.851610184000037],[69.37169647400003,21.829610826000078],[69.34916687000003,21.83872223000003],[69.21205902100007,21.963333130000024],[69.21044159000007,21.98583412200003],[69.18208313000008,21.99744415300006],[68.95705413800005,22.23911094600004],[68.93619537300003,22.304971696000052],[68.98538970900006,22.413278579000064],[69.06833648600008,22.478721620000044],[69.08080291700003,22.475389480000047],[69.07622528100006,22.459972383000036],[69.04208374000007,22.434165954000036],[69.03541564900007,22.39249992300006],[69.07913970900006,22.38538932800003],[69.10080719000007,22.407917024000028],[69.12911224400005,22.396249772000033],[69.18744659400005,22.420389175000025],[69.19955444400006,22.389972687000068],[69.17121887200005,22.373332977000075],[69.18122100800008,22.36830520600006],[69.15708160400004,22.312471389000052],[69.22747039800004,22.25622177100007],[69.31246948200004,22.28791618300005],[69.33621978700006,22.322471619000055],[69.41999816900005,22.31624984900003],[69.48413849000008,22.33619499200006],[69.49830627400007,22.36788940400004],[69.52413940400004,22.36872291700007],[69.51577758800005,22.425416948000077],[69.55122375500008,22.39913940400004],[69.55208587600004,22.34997177200006],[69.58914184600008,22.36624908400006],[69.57122039800004,22.32999992300006],[69.59580230700004,22.349527359000035],[69.60461425800008,22.332471849000058],[69.63080597000004,22.360416412000063],[69.66539001500007,22.32913970900006],[69.64622497600004,22.356637956000043],[69.65538787800006,22.379138948000048],[69.66835785000006,22.396249772000033],[69.69247436500007,22.39619445900007],[69.70541381800007,22.452472687000068],[69.72836303700007,22.47455597000004],[69.74327850300006,22.427055359000065],[69.75916290300006,22.441278459000046],[69.80413818500006,22.398721695000063],[69.83041381800007,22.44830513100004],[69.86669159000007,22.44622230500005],[69.89580535900006,22.465415956000072],[69.91500091500006,22.445388795000042],[69.90455627500006,22.482500076000065],[69.92663574200003,22.506250383000065],[69.95666503900003,22.501249313000073],[69.94625091600005,22.523277283000027],[69.96330261200006,22.535388948000048],[70.02666473400006,22.552055359000065],[70.01791381800007,22.53747177100007],[70.04247283900008,22.560443878000058],[70.11827850300006,22.55041694600004],[70.10749816900005,22.52122306900003],[70.12580871600005,22.549554826000076],[70.14289093000008,22.53997230600004],[70.15333557100007,22.55538940400004],[70.17250061200008,22.54205513000005],[70.19166564900007,22.580389024000056],[70.20996856700003,22.56872177200006],[70.19872284000007,22.59669494600007],[70.21497345000006,22.597888948000048],[70.20788574200003,22.60747146700004],[70.25669097900004,22.655445100000065],[70.25455474900008,22.67833328200004],[70.27833557100007,22.674583436000034],[70.25955200300007,22.718334199000026],[70.31794738800005,22.759166717000028],[70.35121917700008,22.885000228000024],[70.41708374000007,22.92250061200008],[70.42788696300005,22.955833435000045],[70.44872283900008,22.968334198000036],[70.40247345000006,22.98205566400003],[70.39208221600006,22.940000534000035],[70.35166931100008,22.92288970900006],[70.28747558600003,22.944610596000075],[70.23999786300004,22.97455597100003],[70.22413635200007,23.054582596000046],[70.21455383300008,23.049139023000066],[70.23288726800007,22.96997261200005],[70.20664215100004,22.977916717000028],[70.22791290300006,22.959972383000036],[70.21250152600004,22.94708251900005],[70.14499664300007,22.947916032000023],[70.11872100800008,22.968305589000067],[70.12955474900008,22.99083328200004],[70.10702514600007,22.96413803200005],[70.13955688600004,22.93333244400003],[70.10330200200008,22.909555435000073],[70.00544738700006,22.91830635200006],[69.99500274700006,22.902055742000073],[69.94997406000005,22.902860641000075],[69.89833068800004,22.871276856000065],[69.88246917700008,22.910417557000073],[69.88957977300004,22.887500764000038],[69.87496948200004,22.86711120700005],[69.79914093000008,22.845417024000028],[69.78414154000006,22.863721847000022],[69.78247070300006,22.834527969000078],[69.73000335700004,22.819528581000043],[69.74375152600004,22.78747177300005],[69.73577880800008,22.779582977000075],[69.72122192400008,22.797500610000043],[69.73039245700005,22.768304826000076],[69.70708465600006,22.757444382000074],[69.71705627400007,22.74583244300004],[69.68330383300008,22.764554977000046],[69.70833587600004,22.744556428000067],[69.69914245600006,22.738721847000022],[69.66205596900005,22.75580597100003],[69.66705322300004,22.765832901000067],[69.64916992200006,22.75036048900006],[69.60874938900008,22.770833969000023],[69.60497283900008,22.757888794000053],[69.56919097900004,22.764554977000046],[69.55371856700003,22.779111863000026],[69.56497192400008,22.790361406000045],[69.44496917700008,22.77869415400005],[69.36164093000008,22.81786155700007],[69.36208343500005,22.877471924000076],[69.34955597100003,22.86916732800006],[69.35121917900005,22.81916618500003],[69.30330658000008,22.830389023000066],[69.32622528000007,22.84083366400006],[69.26830291700003,22.822055818000024],[69.23041534400005,22.832500459000073],[69.22705841100003,22.86750030500008],[69.22708129900008,22.837499618000038],[69.20038604800004,22.834972382000046],[69.12833404500003,22.87288856600003],[69.13749694800003,22.89291572700006],[69.08247375500008,22.905389787000047],[69.07624816900005,22.950834274000044],[69.06458282500006,22.91911125200005],[69.01667022700008,22.941278459000046],[69.01455688500005,22.982444763000046],[69.00705719000007,22.949193956000045],[68.99666595500008,22.951250078000044],[68.96871948300003,22.971666336000055],[68.98247528100006,22.992027283000027],[68.95578002900004,22.97208404500003],[68.75655365100005,23.08036041300005],[68.62866973900003,23.172445297000024],[68.68161010700004,23.13872146600005],[68.71824646100004,23.134500503000027],[68.66077423100006,23.179527283000027],[68.61658477800006,23.18786048900006],[68.57947540300006,23.229972839000027],[68.59655761700003,23.240333557000042],[68.61905670100003,23.214527131000068],[68.63033294700006,23.219944],[68.60533142100007,23.236639024000056],[68.65988922100007,23.26619529800007],[68.63989257800006,23.263694763000046],[68.62783050500008,23.29244422900007],[68.67655181800006,23.29955482500003],[68.66116333000008,23.315805435000073],[68.63741302500006,23.306194307000055],[68.61196899400005,23.364166260000047],[68.61489105200008,23.32288932800003],[68.57575225800008,23.347026825000057],[68.57244110100004,23.37288856600003],[68.59658050600007,23.356222153000033],[68.59947204500008,23.365804672000024],[68.56658172600004,23.377056122000056],[68.57241821300005,23.39705467300007],[68.54155731200007,23.404582979000054],[68.52366638200004,23.45580482500003],[68.49905395500008,23.452917099000047],[68.50494384700005,23.492055893000042],[68.44872283900008,23.479999543000076],[68.45330810600007,23.50122261000007],[68.48538970900006,23.517471315000023],[68.45661163300008,23.511222839000027],[68.45327758800005,23.537889482000026],[68.46580505300005,23.54538917700006],[68.44036102300004,23.529111862000036],[68.44953155500008,23.507472992000032],[68.42702484300008,23.504972459000044],[68.42619323900004,23.55333328200004],[68.45494079600007,23.572082521000027],[68.44535827600004,23.56916618300005],[68.45200347900004,23.59163856600003],[68.49617004500004,23.660028458000056],[68.55330657900004,23.718778610000072],[68.61660766600005,23.755416871000023],[68.67916870100004,23.819610596000075],[68.76994323700006,23.845472335000068],[68.79824829100005,23.882917405000057],[68.80911254900008,23.87794494600007],[68.80161285400004,23.88458251900005],[68.77241516100008,23.858778],[68.76450347900004,23.88166618300005],[68.76953125000006,23.868360519000078],[68.74741363600003,23.847110748000034],[68.66247558600003,23.857944490000023],[68.68289184500003,23.850889207000023],[68.57869720400004,23.810832977000075],[68.53244781500007,23.75208282600005],[68.52163696300005,23.778778076000037],[68.51538848900003,23.74669456600003],[68.46369171100008,23.770833969000023],[68.46994781600006,23.740417480000076],[68.43413543800006,23.736278535000054],[68.45124816900005,23.785028457000067],[68.44249725400005,23.82055473300005],[68.43038940400004,23.820861817000036],[68.43374633800005,23.782554626000035],[68.40166473400006,23.75208282600005],[68.41161346500007,23.758777618000067],[68.42038726800007,23.716667175000055],[68.39955902100007,23.636693954000066],[68.38410949700005,23.624584198000036],[68.37622070300006,23.636638642000037],[68.38952636700003,23.601667405000057],[68.37286376900005,23.61083412200003],[68.36916351300005,23.59038925300007],[68.26914215100004,23.556222915000035],[68.26953125000006,23.588306427000077],[68.28827667200005,23.596250535000024],[68.27208709700005,23.62336158900007],[68.25577545200008,23.56872177100007],[68.20911407500006,23.577110290000064],[68.17292022700008,23.61333274900005],[68.18872070300006,23.64416694600004],[68.23830413800005,23.63872146600005],[68.22827911400003,23.64038848900003],[68.30205535900006,23.676666261000037],[68.31038665700004,23.712472915000035],[68.34625244200004,23.73252868700007],[68.32527923600003,23.75941658000005],[68.32414245600006,23.730443956000045],[68.29164123500004,23.72627830600004],[68.27080535900006,23.69797134500004],[68.26374816900005,23.732500076000065],[68.26541900600006,23.680833816000074],[68.24578094500004,23.671222688000057],[68.23083496100003,23.707111360000056],[68.21583557200006,23.69458389400006],[68.18955230700004,23.729166031000034],[68.21289062600005,23.759222032000025],[68.20708465500007,23.830833436000034],[68.24330902100007,23.852972031000036],[68.25910949700005,23.83544349700003],[68.26541900600006,23.891721725000025],[68.28769411200005,23.889954507000027],[68.28358284000007,23.920514011000023],[68.32943388000007,23.913149041000054],[68.35047588000003,23.967407971000057],[68.37154270700006,23.942387222000036],[68.37955345300003,23.97083066600004],[68.74818382100005,23.97140267800006],[68.76521094800006,24.291688820000047],[68.80228,24.31125],[68.82616,24.31736],[68.85673894000007,24.21388256700004],[68.87014,24.212100001000067],[68.90359,24.27506],[68.94538,24.302530001000036],[68.98318650900006,24.231737590000023],[69.00798,24.22318],[69.0899,24.27011],[69.19416,24.23639],[69.31276,24.281430001000047],[69.49398,24.26782],[69.58918,24.29097],[69.73152,24.17104],[70.02502,24.171030001000076],[70.06857,24.20345],[70.10992,24.295000001000062],[70.36865,24.350910001000045],[70.55801,24.419850001000043],[70.6025,24.408150001000024],[70.56411,24.34681],[70.58479,24.28625],[70.5713,24.25409],[70.714,24.215710001000048],[70.81075,24.22238],[70.89779,24.2562],[70.90859,24.26151],[70.87394,24.29485],[70.94692,24.34852],[70.986,24.36528],[71.03549,24.35192],[71.08428,24.394520001000046],[71.1219,24.40572],[71.10694,24.4331],[70.9985,24.44437],[71.0031,24.52932],[70.9882,24.54644],[70.98629,24.59557],[71.01392,24.63711],[71.0934,24.68421],[70.93770561400004,24.938612225000043],[70.88871342600004,25.147192179000058],[70.75167144900007,25.277707719000034],[70.73678626500003,25.33244402500003],[70.66556041100006,25.399278606000053],[70.67820198900006,25.521587512000053],[70.66722957600007,25.53127414200003],[70.67402328600008,25.67580454800003],[70.66110949000006,25.700184584000056],[70.61328358900005,25.714735633000032],[70.53752232900007,25.686391684000057],[70.38702330800004,25.673739735000026],[70.27143446300005,25.71250782800007],[70.25162406500004,25.755616761000056],[70.17437845800004,25.828356550000024],[70.09944419000004,25.940270842000075],[70.08343540600004,26.08337659600005],[70.13795087200003,26.15241731200007],[70.17461778200004,26.248841601000038],[70.16355627400003,26.29486164900004],[70.18469280800008,26.370842165000056],[70.17428386300003,26.551333114000045],[70.11744821000008,26.586895322000032],[70.06009617400008,26.599514559000056],[69.88616115800005,26.57873271400007],[69.81146060700007,26.59244133900006],[69.70725662300003,26.660507359000064],[69.51030040000006,26.74353908300003],[69.48467717400007,26.80735829400004],[69.51571140600004,27.01540127800007],[69.58682895100003,27.183251056000074],[69.86247680100007,27.401875141000062],[69.93842375800006,27.501423507000027],[70.02368724000007,27.56147879300005],[70.13775240100006,27.81189340700007],[70.22547799700004,27.899624087000063],[70.29623595700008,27.936015413000064],[70.37883835500008,28.012624285000072],[70.50062955900006,28.036230497000076],[70.58949778400006,28.01046367200007],[70.67741425400004,27.92182856900007],[70.68434631100007,27.828200035000066],[70.75735050100008,27.724158829000032],[70.87156464700007,27.705628260000026],[70.96316679600005,27.72929980600003],[71.20367401900006,27.83457906600006],[71.38307141300004,27.872526725000057],[71.66135083100005,27.87775325900003],[71.89872791500005,27.963406272000043],[71.92733255200005,28.12170257100007],[71.99932810600006,28.212296611000056],[72.13225751300007,28.312947541000028],[72.20102731900005,28.388054021000073],[72.29930949000004,28.669709459000046],[72.35467970200006,28.73343523500006],[72.41238458300006,28.786759481000047],[72.72603258100008,28.944453356000054],[72.94583110500008,29.027797622000037],[73.00439506400005,29.15299678200006],[73.08825406200003,29.242653861000065],[73.28023279700005,29.56862758500006],[73.394357,29.938585],[73.59709933900007,30.018942077000077],[73.80662902500006,30.06796941500005],[73.96932489700004,30.195619020000038],[73.95646711000006,30.27603526000007],[73.88412320200007,30.367015811000044],[73.97187553700007,30.44093409100003],[73.92650576800008,30.438913292000052],[73.93362522700005,30.487292466000042],[73.95589488500008,30.457751745000053],[73.98807595500006,30.509722243000056],[74.01997644800008,30.51414648800005],[74.01192857000007,30.53362491000007],[74.02388254500005,30.526023602000066],[74.03925738300006,30.542547013000046],[74.05740099900004,30.518649460000063],[74.07589616300004,30.52739527500006],[74.10505254300006,30.61921866600005],[74.11796467100004,30.607886633000078],[74.12854684300004,30.632363246000068],[74.14776794100004,30.631043178000027],[74.20666651400006,30.67779457900008],[74.23219995000005,30.724170695000055],[74.27925967700008,30.733049624000046],[74.26080750300008,30.76975166300008],[74.30335236100007,30.78152816000005],[74.29745033800003,30.801064042000064],[74.32015872000005,30.844959810000034],[74.37584909800006,30.859288881000055],[74.36088770700007,30.873689126000045],[74.36746797600006,30.894279053000048],[74.42277423100006,30.90777091900003],[74.41647108500007,30.940328785000077],[74.54646998600003,30.99246179100004],[74.54535222300007,31.024979802000075],[74.57201023100004,31.05506587700006],[74.60524132400008,31.041459832000044],[74.67113479000005,31.053558586000065],[74.69609569000005,31.07395723600007],[74.69823609800005,31.11241080900004],[74.68432104700008,31.127471831000037],[74.63641804500008,31.118139213000063],[74.60134292700008,31.132469413000024],[74.60584178400006,31.09451734000004],[74.57066765500008,31.08154201800005],[74.55098838100008,31.087411761000055],[74.54825853000006,31.11916804300006],[74.51339744200004,31.138586358000055],[74.53212111100004,31.25227607100004],[74.52121025400004,31.27114414400006],[74.55302056000005,31.36583923300003],[74.58348845400008,31.37901173700004],[74.60897858900006,31.423602147000054],[74.64768673900005,31.423144429000047],[74.63999074300006,31.44034199300006],[74.65269622200003,31.453832082000076],[74.61182473000008,31.497956437000028],[74.58078646200005,31.49805043400005],[74.58341090500005,31.51823887200004],[74.61270244300005,31.52716993000007],[74.61504908600006,31.56809788000004],[74.55868820400008,31.60741312700003],[74.52946798700003,31.68205569400004],[74.49040461100003,31.713082368000073],[74.50391236600007,31.737313997000058],[74.55941881200005,31.757856789000073],[74.55893650900003,31.80404256500003],[74.60739286500007,31.89007904500005],[74.63217861100003,31.883910915000058],[74.67663357200007,31.923967531000073],[74.71792488800008,31.923584752000068],[74.72226000200004,31.942911287000072],[74.75560059300005,31.95376963600006],[74.81900637600006,31.95870777400006],[74.82873924400008,31.998233276000065],[74.87590431400008,32.02842225100005],[74.87540987600005,32.05075515400006],[74.93558040800008,32.06519728100005],[75.00869817100005,32.03690153100007],[75.13331233200006,32.08077433700004],[75.17187947400004,32.068977516000075],[75.21315451500004,32.12038860900003],[75.24026930500008,32.09102958600005],[75.279996,32.119560001000025],[75.28339671600008,32.14861125300007],[75.31722410300006,32.17518591700008],[75.31079227200007,32.19395678500007],[75.33122960000003,32.21925975400006],[75.37032589000006,32.22537863500003],[75.374521,32.27707],[75.32526486900008,32.29572501600006],[75.33196273500005,32.32669974800007],[75.31936953100006,32.34352215900003],[75.29899118400004,32.34660761900005],[75.28175590000006,32.37317960100006],[75.19556942400004,32.39952198700007],[75.19426254300004,32.42306282200008],[75.13039940500005,32.41621690100004],[75.10169467500003,32.477465186000074],[75.09200861000005,32.46916054700006],[75.03184851700007,32.49292463000006],[75.00207927500003,32.45701678800003],[74.94905146700006,32.446982871000046],[74.93246695900007,32.47179134700008],[74.89016856300003,32.471977981000066],[74.88319217000003,32.48865755300005],[74.82059534900003,32.49724904200008],[74.79626764900007,32.47692134400006],[74.72334113300008,32.47618565200003],[74.68513774600007,32.49143551800006],[74.69058298900006,32.531835572000034],[74.66188435600003,32.54584495600005],[74.67389955800007,32.561805579000065],[74.65378941300008,32.56390428800006],[74.65627082500004,32.591970213000025],[74.63848442200003,32.614611307000075],[74.69574264600004,32.66421219500006],[74.66273411800006,32.68315777400005],[74.65447214300008,32.72909944200006],[74.70511434400004,32.82329093300007],[74.69740349200003,32.84094387500005],[74.63288597900004,32.80891449300003],[74.65600641800006,32.788842671000054],[74.63235333800003,32.77271626700008],[74.63775177200006,32.751736089000076],[74.56252593100004,32.75914299000004],[74.51643740600008,32.74511345800005],[74.51020681700004,32.764722103000054],[74.48467161400004,32.765227184000025],[74.44681434900008,32.80291027900006],[74.41325134000004,32.77348132800006],[74.37385134000004,32.769281328000034],[74.34935134000006,32.78258132800005],[74.34125134000004,32.80968132800007],[74.00185346000006,32.953979815000025],[73.925811,33.034085],[73.87764270500008,33.03459711800008],[73.81615390100006,33.01034423800007],[73.77385002400007,33.023469970000065],[73.729669,33.064044],[73.63587825300004,33.092261747000066],[73.625096,33.131874],[73.670317,33.152224],[73.670317,33.21101],[73.627357,33.241534],[73.60827636700003,33.334899902000075],[73.58883378200005,33.34177334200007],[73.57597786500008,33.37740119000006],[73.60192050000006,33.434852],[73.63000814500003,33.45623280900003],[73.612095,33.508335],[73.63301,33.539989],[73.625096,33.573057],[73.571962,33.63043],[73.60079050000007,33.698826],[73.598529,33.739525],[73.56847868000006,33.79313533200008],[73.59419652900004,33.887251416000026],[73.511034,34.018706],[73.499042,34.207557],[73.473606,34.256169],[73.488302,34.279344],[73.48039021900007,34.29121317200003],[73.46964974900004,34.27991030800007],[73.401295,34.370735],[73.432907,34.435355],[73.43666237000008,34.52457486700007],[73.465692,34.574973],[73.605875,34.585148],[73.65526898200005,34.56240319300008],[73.659009,34.599279],[73.699707,34.647892],[73.664661,34.669936],[73.727969,34.764334],[73.777712,34.794858],[73.83084750000006,34.79146650000007],[73.838196,34.814076500000056],[73.927504,34.811251],[73.934287,34.8316],[73.968202,34.835557],[73.977811,34.866081],[74.045079,34.890386500000034],[74.038861,34.914127],[74.07164550000005,34.937868],[74.060906,34.988741],[74.10669150000007,35.01022050000006],[74.10782150000006,35.026048],[74.076733,35.04752750000006],[74.08747250000005,35.082573500000024],[74.13194850000008,35.11928750000004],[74.11687184500005,35.123196697000026],[74.11650050000003,35.14543050000003],[74.03569488300008,35.149590138000065],[74.00301516800005,35.18464451800003],[73.95786094900006,35.16503852300008],[73.925778,35.21019350000006],[73.871116,35.204846],[73.80933519300004,35.242867025000066],[73.74990850000006,35.220888],[73.73027090800008,35.27369438200003],[73.71187090800004,35.27969438200006],[73.69286950000003,35.349226],[73.72733050000005,35.419337],[73.79447,35.44904450000007],[73.78510191400005,35.51914309800003],[73.61687090800007,35.54109438200004],[73.40529850000007,35.529256],[73.395198,35.586889],[73.35598350000004,35.609467],[73.32530697700008,35.66398114100008],[73.24012350000004,35.657593500000075],[73.126046,35.721168],[73.111786,35.759194],[73.15813,35.761571],[73.20026826700007,35.78711332200004],[73.200315,35.826928],[73.17833150000007,35.860201],[73.13383176300005,35.84539083000004],[73.092179,35.875649],[73.02627090800007,35.842294382000034],[72.99889650000006,35.862578],[72.90383150000008,35.841782],[72.89076,35.87743150000006],[72.836692,35.87327250000004],[72.82026176900007,35.88720212900006],[72.80947090800004,35.86249438200008],[72.77719255200003,35.84569298300005],[72.68336844400005,35.82042800200003],[72.56850036300006,35.851801117000036],[72.51839287000007,35.90060643500004],[72.56693934400005,36.01048045700003],[72.52121292200007,36.078817773000026],[72.54908824200004,36.23262004800006],[72.59214780000008,36.268593415000055],[72.68637200300003,36.275517671000046],[72.72175559300007,36.313464176000025],[72.84834443800008,36.37643271500008],[72.87148796300005,36.45244463500006],[72.95908931400004,36.47277782000003],[72.97034399300003,36.508904992000055],[73.04108355800008,36.54764124400003],[73.07268395200003,36.606899930000054],[73.04940264700008,36.673008038000035],[73.06175718700007,36.69724486200005],[73.15199448900006,36.72991016200007],[73.26805108700006,36.72113479500007],[73.37440469400008,36.757973083000024],[73.50690053000005,36.73004888000003],[73.56869266000007,36.73599013900008],[73.60374718000008,36.70984746200003],[73.77545717000004,36.72826717100003],[73.83427759800003,36.70984856100006],[73.85875407800006,36.723007245000076],[73.86814477900003,36.75500445400007],[73.83903240300003,36.80134904000005],[73.79328281400007,36.812042758000075],[73.78496407800003,36.83462058400005],[73.69702986600004,36.85482204500005],[73.65502694900005,36.908576062000066],[73.66986979500007,36.922371930000054],[73.80060767700007,36.90013511500007],[73.84240731800008,36.907249884000066],[73.91088737600006,36.888571788000036],[73.974922,36.840542],[74.04073361200005,36.83431614800003],[74.129668,36.857441],[74.15101292700007,36.91792284400003],[74.24261111200008,36.90547103200004],[74.277298,36.915254],[74.424037,37.006866],[74.521861,37.005977],[74.53698,36.976625],[74.562769,36.971289],[74.573441,37.038886],[74.689049,37.095811],[74.70416224100006,37.09758955800004],[74.734752,37.037511],[74.78082374800005,37.03433322400008],[74.793538,37.05711],[74.84066704400004,37.06558490800006],[74.842791,37.023739],[74.90210528000006,36.940578810000034],[74.939172,36.94799457200003],[74.923289,36.983483],[74.937058,36.992488],[74.99375,37.001164577000054],[75.033441,37.025859],[75.06362632000008,37.01314753200006],[75.15895,37.029568],[75.168733,36.999313],[75.24102831300007,36.97183333000004],[75.28180689300007,36.98295557800003],[75.417902,36.959121],[75.394073,36.928399],[75.433261,36.87649],[75.42638,36.784323],[75.460103,36.729847],[75.50368698300008,36.74883374600006],[75.53439901600007,36.73400415800006],[75.535465,36.77426],[75.57093850100006,36.77955724900005],[75.63342730700003,36.78008769200005],[75.73561725600007,36.75307584600006],[75.846823,36.686336],[75.941074,36.606355],[75.93578,36.575633],[75.998261,36.501477],[76.02785159262507,36.43963345932904],[76.14928430200024,36.42454783200009],[76.2389945880002,36.31990305600007],[76.31857629400014,36.330083313000046],[76.38885624200014,36.30977447500001],[76.42864709500014,36.239546204000135],[76.4692647710001,36.220012513000114],[76.5682768150001,36.19040191700009],[76.66894250500013,36.19040191700009],[76.71875858600009,36.15991282200008],[76.75865279200019,36.11004506500004],[76.77890995300021,36.03981679300006],[76.77890995300021,35.91026397700006],[76.83906132000016,35.85951772100006],[77.0085600180002,35.81972686800006],[77.06860803200004,35.779936015000146],[77.08958866400013,35.74019683900005],[77.20896122200026,35.709656067000054],[77.3485909430002,35.719784648000115],[77.42135135900008,35.64015126600006],[77.4688936770001,35.65188181600007],[77.5086845300001,35.58015492800007],[77.51873419405028,35.48565732389375]]],[[[93.84583282500006,7.244555475000027],[93.89289093000008,7.186611177000032],[93.89705658000008,7.088277818000051],[93.92292022700008,7.057444572000065],[93.92208099300007,7.034138679000023],[93.96289062500006,7.005805492000036],[93.95666503900009,6.993777752000028],[93.93997192400008,7.011166573000025],[93.92871856800008,6.992499828000064],[93.95666503900009,6.961194515000045],[93.92627716100009,6.941611290000026],[93.92453002900004,6.909111023000037],[93.91247558600008,6.907888891000027],[93.91539001500007,6.813333511000053],[93.89622497700003,6.796666622000032],[93.87333679200003,6.817888738000022],[93.85375213700007,6.764166832000058],[93.83580780000005,6.755416870000033],[93.82044220000006,6.769972324000037],[93.82705688500005,6.813333511000053],[93.78958129900008,6.877472402000024],[93.80294799800004,6.882444383000063],[93.77455902100007,6.918277740000065],[93.75872039800004,6.916638853000052],[93.75455474900008,6.95663881300004],[93.72875213600008,6.992444515000045],[93.69496917700008,7.022055625000064],[93.67580413800005,7.01536131000006],[93.66038513200004,7.128305435000073],[93.68746948200004,7.187027932000035],[93.73830413900004,7.190388679000023],[93.75997161900005,7.213749886000073],[93.80580902100007,7.209527969000021],[93.81333160400004,7.23788881400003],[93.84583282500006,7.244555475000027]]],[[[93.73622131300004,7.423250200000041],[93.73872375500008,7.400777817000062],[93.77369689900007,7.369944572000065],[93.74080657900004,7.312860966000073],[93.69872283900008,7.289999961000035],[93.66661071700008,7.247889042000054],[93.64908599800003,7.26286125200005],[93.64624786400003,7.366638660000035],[93.71913909900007,7.391166688000055],[93.71955871600005,7.44327783600005],[93.73622131300004,7.423250200000041]]],[[[93.37750244100005,8.021249772000033],[93.40374755800008,8.003305435000073],[93.40039062600005,7.968249799000034],[93.45455932600004,7.932472229000041],[93.46038818400007,7.87325000800007],[93.41494751000005,7.90122223000003],[93.37916564900007,7.878666877000057],[93.34574890200008,7.885361194000041],[93.34994506800007,7.942055702000062],[93.31872558600008,7.924110889000076],[93.30952453600008,7.950749874000053],[93.32494354200009,7.999499797000055],[93.37750244100005,8.021249772000033]]],[[[93.56749725300006,8.026194572000065],[93.59205627400007,7.991583348000063],[93.59122467000003,7.931611062000059],[93.51875305200008,7.983277798000074],[93.54208374000007,8.019166946000041],[93.55711364700005,8.002499580000062],[93.56749725300006,8.026194572000065]]],[[[93.59788513200004,8.112500192000027],[93.60663604700005,8.037917137000022],[93.58460998600003,8.065805435000073],[93.57583618200005,8.125389100000064],[93.59788513200004,8.112500192000027]]],[[[93.53747558600008,8.236222267000073],[93.55708313000008,8.206639291000045],[93.50916290300006,8.147944450000068],[93.55702972500006,8.084972383000036],[93.56205749500003,8.05413913700005],[93.51875305200008,8.02913856500004],[93.51244354400006,7.997889042000054],[93.49788665700004,8.035833360000026],[93.51836395200007,8.03872203900005],[93.51875305200008,8.063305856000056],[93.53663635200007,8.05288887100005],[93.54458618100006,8.078332901000067],[93.50375366200007,8.052472114000068],[93.46538543700007,8.174972535000052],[93.49874877900004,8.202444078000042],[93.50205230700004,8.224971771000071],[93.53747558600008,8.236222267000073]]],[[[93.25455475000007,8.234167100000036],[93.24416351300005,8.21791649000005],[93.22538757400008,8.255833627000072],[93.23916626000005,8.262888908000036],[93.25455475000007,8.234167100000036]]],[[[73.06080627400007,8.277916909000055],[73.04663848900003,8.262916566000058],[73.02085876500007,8.267889023000066],[73.05416870100004,8.279555320000043],[73.07833099300007,8.323749543000076],[73.06080627400007,8.277916909000055]]],[[[93.13085937500006,8.35455513100004],[93.14875030500008,8.345000267000046],[93.13625335700004,8.269139291000045],[93.20916748000008,8.218722343000024],[93.20413971000005,8.19708347300002],[93.12747192300009,8.225417138000068],[93.09208679200003,8.272472381000057],[93.09960937500006,8.334166528000026],[93.13085937500006,8.35455513100004]]],[[[93.07913970900006,8.428777694000075],[93.06038665700004,8.440833092000048],[93.06669616700003,8.461222648000046],[93.07913970900006,8.428777694000075]]],[[[93.62789154100005,8.52913856500004],[93.64375305200008,8.489138604000061],[93.63291931100008,8.42580509100003],[93.61911010700004,8.571249962000024],[93.62789154100005,8.52913856500004]]],[[[92.78035736100009,9.246722223000063],[92.82038879400005,9.209221840000055],[92.82869720500008,9.138360977000048],[92.80911254900008,9.119638443000042],[92.73911285400004,9.120444299000042],[92.72286224400005,9.136694909000028],[92.72039032000004,9.210833551000064],[92.76158142100007,9.215444564000052],[92.78035736100009,9.246722223000063]]],[[[72.28163909900007,10.032083513000032],[72.27913665800008,10.046222687000068],[72.28622436500007,10.044972420000022],[72.28163909900007,10.032083513000032]]],[[[73.64871978800005,10.070860864000053],[73.63708496200007,10.067472457000065],[73.64871978800005,10.087444307000055],[73.64871978800005,10.070860864000053]]],[[[73.66244506800007,10.127916336000055],[73.65869140700005,10.152472497000076],[73.66625213700007,10.136666298000023],[73.66244506800007,10.127916336000055]]],[[[72.61003112800006,10.55872249600003],[72.58580780000005,10.540389061000042],[72.61497497500005,10.577055932000064],[72.61003112800006,10.55872249600003]]],[[[72.52913665700004,10.785416604000034],[72.52580261300005,10.775416375000077],[72.51955413800005,10.780833244000064],[72.52913665700004,10.785416604000034]]],[[[73.67580413800005,10.816222192000055],[73.69828033500005,10.816222192000055],[73.66583251900005,10.802861215000064],[73.65955352800006,10.813278199000024],[73.67580413800005,10.816222192000055]]],[[[72.19999694800003,10.881250383000065],[72.17910766600005,10.841250419000062],[72.17539215100004,10.868332862000045],[72.19999694800003,10.881250383000065]]],[[[92.54914093000008,10.880389213000058],[92.55333709700005,10.861222267000073],[92.56169128400006,10.87702751300003],[92.58872222900004,10.85333347300002],[92.59539032000004,10.789944650000052],[92.57491302500006,10.793722153000033],[92.62202453600008,10.75827789400006],[92.62039184500009,10.674139024000056],[92.54785919200003,10.592499734000057],[92.57785797100007,10.56997203800006],[92.52413940400004,10.507055284000046],[92.48497009200008,10.511194229000068],[92.4375,10.544528007000054],[92.38744354200009,10.527055740000037],[92.41619110100004,10.629138948000048],[92.38705444300007,10.664138794000053],[92.38458252000004,10.790805816000045],[92.39328002900004,10.80208301500005],[92.40955352800006,10.78999996300007],[92.49955749500003,10.884972572000038],[92.51164245600006,10.889527322000049],[92.51208496100008,10.868277551000062],[92.53080749500003,10.897083284000075],[92.54914093000008,10.880389213000058]]],[[[72.28830719100006,10.934583665000048],[72.28458404600008,10.942472458000054],[72.29083251900005,10.945388794000053],[72.28830719100006,10.934583665000048]]],[[[72.72080230700004,11.112889291000045],[72.71705627400007,11.124111175000053],[72.73161315900006,11.135416984000074],[72.72080230700004,11.112889291000045]]],[[[72.77872467000003,11.190805435000073],[72.79039001500007,11.239138604000061],[72.81583404500003,11.26458358800005],[72.77872467000003,11.190805435000073]]],[[[92.70083618300004,11.235416412000063],[92.70124816900005,11.276638986000023],[92.71080780200003,11.282055855000067],[92.70083618300004,11.235416412000063]]],[[[92.72497558600008,11.306249618000038],[92.70791626000005,11.305805207000049],[92.72536468500005,11.32250022900007],[92.72497558600008,11.306249618000038]]],[[[73.00244140700005,11.497056009000062],[73.01288604700005,11.470000267000046],[73.00705719000007,11.469139099000074],[73.00244140700005,11.497056009000062]]],[[[92.66080474800003,11.493721963000041],[92.68499755800008,11.469583512000042],[92.69452667200005,11.42330551200007],[92.65577697800006,11.40625],[92.69327545200008,11.38624954200003],[92.69960784900007,11.364972116000047],[92.60414123500004,11.34291649000005],[92.58955383300008,11.361666679000052],[92.59625244200004,11.395777703000022],[92.62955474900008,11.399971963000041],[92.62291717500005,11.48333358800005],[92.64080810500008,11.511221887000033],[92.66080474800003,11.493721963000041]]],[[[92.56625366200007,11.534138679000023],[92.57541656500007,11.514972686000021],[92.55541992200006,11.531666757000039],[92.56625366200007,11.534138679000023]]],[[[92.62119293200004,11.553333284000075],[92.61830902100007,11.526222229000041],[92.60871887200005,11.547472001000074],[92.62119293200004,11.553333284000075]]],[[[92.60375213600008,11.535805702000062],[92.59664154100005,11.528721811000025],[92.59541320800008,11.56997203800006],[92.60375213600008,11.535805702000062]]],[[[92.61869812000003,11.583305359000065],[92.62286377000004,11.560805322000022],[92.60747528100006,11.583749772000033],[92.61869812000003,11.583305359000065]]],[[[92.23288726900006,11.587499618000038],[92.28128051700008,11.574972154000022],[92.28077697800006,11.518750192000027],[92.22666931200007,11.525388718000045],[92.21125030500008,11.580833436000034],[92.23288726900006,11.587499618000038]]],[[[92.54750061000004,11.604583740000066],[92.57375335700004,11.573333740000066],[92.54252624500003,11.550416948000077],[92.54750061000004,11.604583740000066]]],[[[72.19413757300003,11.591221810000036],[72.18291473400006,11.604139329000077],[72.19416809000006,11.606249809000076],[72.19413757300003,11.591221810000036]]],[[[72.69333648600008,11.680388451000056],[72.69702911400003,11.698333741000056],[72.70122528100006,11.692444801000022],[72.69333648600008,11.680388451000056]]],[[[93.02419281000005,11.847916603000044],[93.07746887200005,11.83791637400003],[93.07041931200007,11.811666488000071],[93.02041626000005,11.82913875500003],[93.02419281000005,11.847916603000044]]],[[[92.76580810600007,11.967082977000075],[92.77788543700007,11.948305130000051],[92.75252533000008,11.943694114000039],[92.76580810600007,11.967082977000075]]],[[[92.97544097900004,12.033249856000054],[93.01622009300007,12.018305780000048],[93.05586242700008,11.884555816000045],[93.03330230700004,11.885416986000052],[93.00666809100005,11.931249620000074],[93.01499939000007,11.942111015000023],[93.03166961600004,11.929583549000029],[93.00333404500003,11.979555130000051],[93.01622009300007,11.959166528000026],[93.00875091700004,11.951639175000025],[92.99833679200003,11.971194267000044],[93.00205230700004,11.949972153000033],[92.98083496100008,11.947083473000077],[92.96455383300008,11.980833055000062],[92.93580627400007,11.988750457000037],[92.96871948200004,12.04411125200005],[92.97544097900004,12.033249856000054]]],[[[93.00583648700007,12.102916717000028],[92.99749755900007,12.045305252000048],[92.97794342000003,12.055777550000073],[92.96791839600007,12.091610908000064],[92.96961212300005,12.103249550000044],[93.00583648700007,12.102916717000028]]],[[[92.97544097900004,12.147417068000038],[92.99749755900007,12.143694878000076],[92.99708557100007,12.114055634000067],[92.96708679200003,12.120778084000051],[92.97544097900004,12.147417068000038]]],[[[93.03211212100007,12.147472383000036],[93.02246856700003,12.142861366000034],[93.05705261200006,12.071666718000074],[93.04538726800007,12.04583358900004],[93.01499939000007,12.077917100000036],[93.01288604700005,12.148333549000029],[93.03041839600007,12.159999847000051],[93.03211212100007,12.147472383000036]]],[[[93.07917022700008,12.208722114000068],[93.10208129900008,12.139972687000068],[93.08000183100006,12.082055093000065],[93.04458618100006,12.138278007000054],[93.07917022700008,12.208722114000068]]],[[[92.94163513200004,12.192028046000075],[92.93041992200006,12.214083673000061],[92.94000244100005,12.222861291000072],[92.94163513200004,12.192028046000075]]],[[[92.70955657900004,12.227416993000077],[92.72039032000004,12.189083099000072],[92.70794677800006,12.168277740000065],[92.74166870100004,12.181166650000023],[92.76372528000007,12.172416688000055],[92.74044799800004,12.099055290000024],[92.74708557200006,12.056638717000055],[92.71499633800005,12.051138877000028],[92.74500274600007,12.050305368000068],[92.74835968000008,12.062027932000035],[92.77416992200006,12.044472694000035],[92.79666900600006,12.052027704000068],[92.77249908400006,12.02116680100005],[92.74580383300008,12.032860757000037],[92.74752807600004,12.012000084000022],[92.77291870100004,12],[92.75666809100005,11.997056009000062],[92.76374816900005,11.978333473000077],[92.73661041200006,11.980388641000047],[92.72369384800004,11.958305359000065],[92.73288726800007,11.899971962000052],[92.75044250500008,11.928305626000054],[92.79538726800007,11.92913913700005],[92.79538726800007,11.849139215000037],[92.76374816900005,11.699194908000038],[92.75452423100006,11.704166413000053],[92.75244140800004,11.682861328000058],[92.71416473400006,11.702055931000075],[92.71163940600007,11.660388948000048],[92.67202758800005,11.647472383000036],[92.68038940400004,11.624972343000024],[92.70330810600007,11.616250038000032],[92.70541381800007,11.644971847000022],[92.73249816900005,11.650416376000067],[92.72624969500004,11.67249965600007],[92.76210784900007,11.654972077000025],[92.74330902100007,11.634555818000024],[92.76288604700005,11.615805627000043],[92.72039032000004,11.474139214000047],[92.70372009300007,11.500833511000053],[92.65752410900006,11.514555932000064],[92.65502929700006,11.564583778000042],[92.62836456300005,11.556221963000041],[92.61538696300005,11.60994434500003],[92.64788818300008,11.624138832000028],[92.64205932600004,11.636638641000047],[92.61746978800005,11.627888679000023],[92.60041809200004,11.663332940000032],[92.60874938900008,11.706666946000041],[92.59497070300006,11.719555855000067],[92.57830810500008,11.692889214000047],[92.56955719000007,11.699138641000047],[92.55538940400004,11.839166641000077],[92.53163909900007,11.822083473000077],[92.52122497600004,11.843305589000067],[92.54413604700005,11.910416603000044],[92.57160949700005,11.94038868000007],[92.59455871600005,11.89080524600007],[92.61122131500008,11.893333435000045],[92.61497497600004,11.847055435000073],[92.62708282500006,12.094916344000069],[92.67250061200008,12.212861062000059],[92.67791748100007,12.177444458000025],[92.68208313000008,12.214083673000061],[92.70955657900004,12.227416993000077]]],[[[92.74038696300005,12.20575046700003],[92.74872589100005,12.226611137000077],[92.77161407500006,12.22202777800004],[92.77077484100005,12.178667068000038],[92.73119354300007,12.189944267000044],[92.74077606200007,12.240333558000032],[92.74038696300005,12.20575046700003]]],[[[92.91541290300006,12.24324989400003],[92.92288971000005,12.215749742000071],[92.90333557200006,12.227861404000066],[92.88791656500007,12.212444307000055],[92.88294220100005,12.241582872000038],[92.91541290300006,12.24324989400003]]],[[[93.11372375400003,12.237500191000038],[93.11127471900005,12.209166527000036],[93.07122039800004,12.234167100000036],[93.09080505400004,12.25874996300007],[93.09208679200003,12.239166260000047],[93.10994720400004,12.25874996300007],[93.11372375400003,12.237500191000038]]],[[[93.86080932600004,12.28125],[93.87622070300006,12.26333332200005],[93.85749816900005,12.248749734000057],[93.84627533100007,12.262499809000076],[93.86080932600004,12.28125]]],[[[92.71747589100005,12.295361520000029],[92.73535919200003,12.285750389000043],[92.72327423100006,12.226972580000051],[92.71747589100005,12.295361520000029]]],[[[92.95036315900006,12.277416229000039],[92.93794250500008,12.233249665000073],[92.91119384800004,12.278277397000068],[92.91416931100008,12.288666725000041],[92.93955230700004,12.277416229000039],[92.93875122100008,12.301583290000053],[92.95036315900006,12.277416229000039]]],[[[92.82661438000008,12.302861214000075],[92.87666320800008,12.30116653600004],[92.89080810600007,12.286194801000022],[92.89788818400007,12.254888536000067],[92.87039184600008,12.241555215000062],[92.88874816900005,12.195750237000027],[92.85038757300003,12.19324970200006],[92.86458587700008,12.164083480000045],[92.82333374000007,12.15952777800004],[92.82794189500004,12.139082909000024],[92.81080627400007,12.127833366000061],[92.81958007800006,12.104916572000036],[92.79833221400008,12.10030555700007],[92.80750274700006,12.09119415300006],[92.77455902100007,12.063249589000065],[92.74705505400004,12.08161067900005],[92.78125,12.230777740000065],[92.75878143300008,12.23241710600007],[92.75536346400008,12.254916192000053],[92.77872467100008,12.264944078000042],[92.77955627500006,12.30661106100007],[92.82661438000008,12.302861214000075]]],[[[92.87580871600005,12.405333520000056],[92.89830780000005,12.404555321000032],[92.89205932600004,12.376583101000051],[92.87119293200004,12.378222467000057],[92.85291290300006,12.402444841000033],[92.87580871600005,12.405333520000056]]],[[[92.97039032000004,12.412416458000052],[92.93833160500009,12.354472160000057],[92.92747497500005,12.360333444000048],[92.94247436500007,12.416166305000047],[92.96121978800005,12.427416803000028],[92.97039032000004,12.412416458000052]]],[[[92.72491455100004,12.825388910000072],[92.73280334500004,12.71658325200002],[92.70780181800006,12.785750389000043],[92.72491455100004,12.825388910000072]]],[[[92.73991394000006,12.861166954000055],[92.72660827700008,12.828666688000055],[92.71700286900005,12.832444191000036],[92.73991394000006,12.861166954000055]]],[[[92.90950012200005,12.910778046000075],[92.93033599800003,12.909138681000059],[92.91449737500005,12.884083748000023],[92.93702697800006,12.884083748000023],[92.95578003100007,12.83699989400003],[92.96202850300006,12.79491710700006],[92.94325256300004,12.768666267000071],[92.97033691400009,12.74997234500006],[92.98994445800008,12.70369434500003],[92.97450256400003,12.695750236000038],[92.96783447300004,12.62908363400004],[92.94872283900008,12.615750314000024],[92.96785736100009,12.612444879000066],[92.98619079600007,12.546583175000023],[92.97872161900005,12.488277435000043],[92.97247314500004,12.479499818000022],[92.95827484300008,12.493694307000055],[92.93244171200007,12.463694573000055],[92.97039032000004,12.46825027500006],[92.93247222900004,12.438666345000058],[92.92539215100004,12.404889106000041],[92.90166473400006,12.43619442000005],[92.90955352700007,12.457444192000025],[92.88502502400007,12.444499971000027],[92.85497284000007,12.469528199000024],[92.90705871500006,12.419083595000075],[92.88830566400009,12.41033363300005],[92.80869293200004,12.439916611000058],[92.84038543700007,12.423305511000024],[92.87161254900008,12.357000351000067],[92.89955902100007,12.345749855000065],[92.88161468500005,12.331138611000029],[92.89580535900006,12.319499969000049],[92.85500335700004,12.30369472500007],[92.81246948200004,12.312861444000077],[92.73744201600005,12.300333023000064],[92.70788574200003,12.323277473000076],[92.71538543700007,12.496582986000021],[92.70116424500009,12.514944076000063],[92.71536254800009,12.574972154000022],[92.71330261400004,12.599527360000025],[92.69369506800007,12.604110718000072],[92.76078033400006,12.666999817000033],[92.78244781600006,12.667027473000076],[92.78869628900009,12.636638641000047],[92.79616546600005,12.700778009000032],[92.77491760200007,12.668666839000025],[92.74285888700007,12.66911125300004],[92.73030853400007,12.820750236000038],[92.74533081100003,12.818222047000063],[92.74866485600006,12.832471849000058],[92.75202941900005,12.822416307000026],[92.76078033400006,12.842027664000057],[92.79283142100007,12.833250046000046],[92.80327606200007,12.887888910000072],[92.85661315900006,12.891194343000052],[92.86744690000006,12.875333787000045],[92.90950012200005,12.910778046000075]]],[[[92.71074676500007,12.986222268000063],[92.72241973900003,12.982028009000032],[92.73533630400004,12.895805359000065],[92.70700073200004,12.830778122000027],[92.68783569400006,12.824944496000057],[92.69697570800008,12.806583406000073],[92.66908264200003,12.786222459000044],[92.65789032000004,12.857472421000068],[92.67697143500004,12.88661098600005],[92.67783355700004,12.95661067900005],[92.71074676500007,12.986222268000063]]],[[[93.01711273200004,12.987500192000027],[92.99285888700007,12.962416649000033],[92.99285888700007,12.929916383000034],[92.96035766600005,12.936638832000028],[92.98075103700006,12.94202804500003],[92.97039032000004,12.982472419000032],[92.98202514600007,12.968277931000046],[92.99285888700007,12.987472534000062],[93.01711273200004,12.987500192000027]]],[[[92.93499755900007,13.02455520600006],[92.95455932600004,13.012499810000065],[92.93741607700008,12.996194839000054],[92.93499755900007,13.02455520600006]]],[[[92.71916961700003,13.097888948000048],[92.73247528100006,13.096249582000041],[92.72125244100005,13.063333512000042],[92.69791412300003,13.085000039000022],[92.70244598400006,13.106249810000065],[92.71916961700003,13.097888948000048]]],[[[94.29497528000007,13.445388795000042],[94.30208587600004,13.425833702000034],[94.28583526600005,13.413749695000035],[94.27788543700007,13.429972650000025],[94.29497528000007,13.445388795000042]]],[[[93.04872131500008,13.54583358800005],[93.05039215100004,13.479166985000063],[93.03038787800006,13.45833301700003],[93.04205322300004,13.430832864000024],[93.02163696300005,13.42869472500007],[93.07958221400008,13.39916706200006],[93.05958557100007,13.375805855000067],[93.09333038300008,13.325388910000072],[93.06952667200005,13.307472229000041],[93.05166626000005,13.350444793000065],[93.00749969500004,13.344583511000053],[92.99663543700007,13.324583053000026],[92.97869110100004,13.35499954200003],[92.96289062600005,13.336694719000036],[93,13.312889099000074],[93,13.286250116000076],[93.01452636700003,13.314999582000041],[93.02080535900006,13.272916795000071],[93.05163574200003,13.274582864000024],[93.05416870200008,13.255389213000058],[93.06916809100005,13.264527322000049],[93.04372406000005,13.185805321000032],[93.04125213600008,13.06000042100004],[93.01499939000007,13.023722649000035],[92.97791290300006,13.030805588000021],[92.96994781500007,13.007027626000024],[92.94288635200007,13.040805816000045],[92.94955444300007,13.095805168000027],[92.94208526600005,13.054166795000071],[92.89455413800005,13.08586120700005],[92.91747284000007,13.052916528000026],[92.88708496100008,13.040833473000077],[92.92121887200005,13.041639329000077],[92.91444397000004,12.996582986000021],[92.94702911400003,12.968277931000046],[92.91991424500009,12.944555283000057],[92.90866851800007,12.989110948000075],[92.89244079600007,12.971194267000044],[92.88783264200003,12.939083099000072],[92.86911010900008,12.93700027500006],[92.87866973900003,12.88327789300007],[92.81158447300004,12.896139145000063],[92.79783630400004,12.964944841000033],[92.83538818400007,13.004166603000044],[92.79455566400009,13.017472267000073],[92.79961395200007,13.085000039000022],[92.81747436500007,13.070361139000056],[92.81372070300006,13.093333246000043],[92.83122253400006,13.10413932800003],[92.81702423100006,13.12250042100004],[92.84580230700004,13.122916221000025],[92.81869506800007,13.155805589000067],[92.83327484100005,13.167083740000066],[92.83875274600007,13.237472534000062],[92.85913848900003,13.237083436000034],[92.82869720500008,13.274167061000071],[92.84955596900005,13.297472001000074],[92.82955932600004,13.30666637400003],[92.84791564900007,13.372471809000047],[92.85788726800007,13.360833168000056],[92.88580322300004,13.384555818000024],[92.85208129900008,13.388333320000072],[92.85208129900008,13.399971962000052],[92.87875366200007,13.401666641000077],[92.89369201600005,13.429166794000025],[92.88330841100009,13.470388412000034],[92.90419769300007,13.474527360000025],[92.90875244100005,13.49497223000003],[92.93416595500008,13.49458313100007],[92.92166900600006,13.502916336000055],[92.93333435100004,13.532888412000034],[92.99747467100008,13.527889252000023],[92.99874877900004,13.565777780000076],[93.01789093200006,13.54583358800005],[93.03669738800005,13.57455539800003],[93.04872131500008,13.54583358800005]]],[[[93.02919769300007,13.669583321000061],[93.03997039800004,13.622083665000048],[92.99205780100004,13.64583301500005],[93.02919769300007,13.669583321000061]]],[[[88.19290927100008,21.57372271400004],[88.17594579800004,21.574844531000053],[88.17452534200004,21.59714385500007],[88.19290927100008,21.57372271400004]]],[[[88.52997180500006,21.56019821900003],[88.51850083100004,21.548053692000053],[88.48166492600006,21.55908299300006],[88.49166461500005,21.596004875000062],[88.53205463000006,21.581392677000053],[88.52997180500006,21.56019821900003]]],[[[88.84526714800006,21.599526492000052],[88.89964815200005,21.568707276000055],[88.88403971000008,21.55737375800004],[88.84019689000007,21.564631186000042],[88.83095112500007,21.587397639000073],[88.84526714800006,21.599526492000052]]],[[[88.55285937100007,21.631195068000068],[88.58824450300006,21.59749984700005],[88.54575104300005,21.56867094100005],[88.51221308700008,21.60950882800006],[88.52410418300008,21.649999619000027],[88.55285937100007,21.631195068000068]]],[[[88.30826337800005,21.706298122000078],[88.34076459900007,21.695435771000064],[88.35225706900007,21.655709683000055],[88.32040174500008,21.61001897700004],[88.30789716700008,21.610852489000024],[88.30826337800005,21.706298122000078]]],[[[88.72656945100005,21.665689816000054],[88.77400226800006,21.64612112100008],[88.79101852500008,21.584437188000038],[88.71635969600004,21.583799078000027],[88.72082646400008,21.639101914000037],[88.68956347800008,21.68291881700003],[88.69541931200007,21.703306198000064],[88.72656945100005,21.665689816000054]]],[[[88.21080780000005,21.670360565000067],[88.22577667200005,21.669584274000044],[88.23208618200005,21.644111633000023],[88.21119689900007,21.620000839000056],[88.21455383300008,21.596639633000052],[88.18208313000008,21.682500839000056],[88.20246887200005,21.722917557000073],[88.21624755900007,21.704111099000045],[88.19711303700007,21.68080520600006],[88.21080780000005,21.670360565000067]]],[[[88.55887725100007,21.729892035000034],[88.60367929900008,21.680833078000035],[88.59126613900008,21.62007054000003],[88.53004787800006,21.654681288000063],[88.51778546500003,21.711636245000022],[88.54638508100004,21.73676594400007],[88.55887725100007,21.729892035000034]]],[[[88.54485848600007,21.811844189000055],[88.57108071500005,21.789732296000068],[88.57185721100007,21.743240812000067],[88.53983071500005,21.73767693700006],[88.52607638100005,21.71906548800007],[88.50360635000004,21.75556596000007],[88.50769817100007,21.778320164000036],[88.54485848600007,21.811844189000055]]],[[[88.59830258800008,21.84728855000003],[88.61285157700007,21.80425999700003],[88.59089815200008,21.79784199100004],[88.57707009100005,21.817162780000046],[88.59830258800008,21.84728855000003]]],[[[88.16872406000005,21.785804750000068],[88.17208099300007,21.73580551300006],[88.15541839600007,21.68747139100003],[88.13749694800003,21.67874908600004],[88.15541839600007,21.64249992500004],[88.11000061100003,21.62288856500004],[88.05166626000005,21.640361787000074],[88.03869628900009,21.665000917000043],[88.05374908400006,21.718305589000067],[88.13249969500004,21.87288856500004],[88.17624664300007,21.809999466000022],[88.16872406000005,21.785804750000068]]],[[[88.64632574300003,21.91717324900003],[88.66269585000003,21.901866600000062],[88.64093176100005,21.871728761000043],[88.65215460000007,21.868812425000044],[88.64864125900004,21.83303514100004],[88.63212743900004,21.788841111000067],[88.59507147000005,21.85842309700007],[88.64632574300003,21.91717324900003]]],[[[88.66370896500007,22.018627063000054],[88.71171518700004,22.001648714000055],[88.67096130800007,21.947890440000037],[88.62938290800008,21.959014341000056],[88.63543533700005,21.997395565000033],[88.66370896500007,22.018627063000054]]],[[[88.07023948200003,21.92172391200006],[88.04882433300008,21.91601320500007],[88.08023321800005,22.009288077000065],[88.13578033400006,22.024528503000056],[88.07023948200003,21.92172391200006]]],[[[68.16786193800004,23.73413848900003],[68.16438293200008,23.76314867900004],[68.19184088700007,23.785115043000076],[68.16786193800004,23.73413848900003]]],[[[68.32771812000004,23.93327196100006],[68.31540403900004,23.93392000800003],[68.32014442300004,23.94087653300005],[68.32771812000004,23.93327196100006]]]]}}]}